"Time (s)","Peak-Frequency"
0.000000000E0,0.000000000E0
3.792740833E-1,9.375000000E1
4.844744166E-1,7.031250000E1
5.566889166E-1,9.375000000E1
6.240134583E-1,9.375000000E1
7.053929583E-1,9.375000000E1
7.480596250E-1,9.375000000E1
7.907262916E-1,9.375000000E1
8.333929583E-1,9.375000000E1
8.760596250E-1,9.375000000E1
9.187262916E-1,9.375000000E1
9.613929583E-1,9.375000000E1
1.004059625E0,9.375000000E1
1.046726292E0,9.375000000E1
1.089392958E0,9.375000000E1
1.132059625E0,9.375000000E1
1.174726292E0,9.375000000E1
1.217392958E0,9.375000000E1
1.260059625E0,9.375000000E1
1.302726292E0,9.375000000E1
1.345392958E0,9.375000000E1
1.388059625E0,9.375000000E1
1.430726292E0,9.375000000E1
1.473392958E0,9.375000000E1
1.516059625E0,9.375000000E1
1.558726292E0,9.375000000E1
1.601392958E0,9.375000000E1
1.644059625E0,9.375000000E1
1.686726292E0,9.375000000E1
1.729392958E0,9.375000000E1
1.772059625E0,9.375000000E1
1.814726292E0,9.375000000E1
1.857392958E0,9.375000000E1
1.900059625E0,9.375000000E1
1.942726292E0,9.375000000E1
1.985392958E0,9.375000000E1
2.028059625E0,9.375000000E1
2.070726292E0,9.375000000E1
2.113392958E0,9.375000000E1
2.156059625E0,9.375000000E1
2.198726292E0,9.375000000E1
2.241392958E0,9.375000000E1
2.284059625E0,9.375000000E1
2.326726292E0,9.375000000E1
2.369392958E0,9.375000000E1
2.412059625E0,9.375000000E1
2.454726292E0,9.375000000E1
2.497392958E0,9.375000000E1
2.540059625E0,9.375000000E1
2.582726292E0,9.375000000E1
2.625392958E0,9.375000000E1
2.668059625E0,9.375000000E1
2.710726292E0,9.375000000E1
2.753392958E0,9.375000000E1
2.796059625E0,9.375000000E1
2.838726292E0,9.375000000E1
2.881392958E0,9.375000000E1
2.924059625E0,9.375000000E1
2.966726292E0,9.375000000E1
3.009392958E0,9.375000000E1
3.052059625E0,9.375000000E1
3.094726292E0,9.375000000E1
3.137392958E0,9.375000000E1
3.180059625E0,9.375000000E1
3.222726292E0,9.375000000E1
3.265392958E0,9.375000000E1
3.308059625E0,9.375000000E1
3.350726292E0,9.375000000E1
3.393392958E0,9.375000000E1
3.436059625E0,9.375000000E1
3.478726292E0,9.375000000E1
3.521392958E0,9.375000000E1
3.564059625E0,9.375000000E1
3.606726292E0,9.375000000E1
3.649392958E0,9.375000000E1
3.692059625E0,9.375000000E1
3.734726292E0,9.375000000E1
3.777392958E0,9.375000000E1
3.820059625E0,9.375000000E1
3.862726292E0,9.375000000E1
3.905392958E0,9.375000000E1
3.948059625E0,9.375000000E1
3.990726292E0,9.375000000E1
4.033392958E0,9.375000000E1
4.076059625E0,9.375000000E1
4.118726292E0,9.375000000E1
4.161392958E0,9.375000000E1
4.204059625E0,9.375000000E1
4.246726292E0,9.375000000E1
4.289392958E0,9.375000000E1
4.332059625E0,9.375000000E1
4.374726292E0,9.375000000E1
4.417392958E0,9.375000000E1
4.460059625E0,9.375000000E1
4.502726292E0,9.375000000E1
4.545392958E0,9.375000000E1
4.588059625E0,9.375000000E1
4.630726292E0,9.375000000E1
4.673392958E0,9.375000000E1
4.716059625E0,9.375000000E1
4.758726292E0,9.375000000E1
4.801392958E0,9.375000000E1
4.844059625E0,9.375000000E1
4.886726292E0,9.375000000E1
4.929392958E0,9.375000000E1
4.972059625E0,9.375000000E1
5.014726292E0,9.375000000E1
5.057392958E0,9.375000000E1
5.100059625E0,9.375000000E1
5.142726292E0,9.375000000E1
5.185392958E0,9.375000000E1
5.228059625E0,9.375000000E1
5.270726292E0,9.375000000E1
5.313392958E0,9.375000000E1
5.356059625E0,9.375000000E1
5.398726292E0,9.375000000E1
5.441392958E0,9.375000000E1
5.484059625E0,9.375000000E1
5.526726292E0,9.375000000E1
5.569392958E0,9.375000000E1
5.612059625E0,9.375000000E1
5.654726292E0,9.375000000E1
5.697392958E0,9.375000000E1
5.740059625E0,9.375000000E1
5.782726292E0,9.375000000E1
5.825392958E0,9.375000000E1
5.868059625E0,9.375000000E1
5.910726292E0,9.375000000E1
5.953392958E0,9.375000000E1
5.996059625E0,9.375000000E1
6.038726292E0,9.375000000E1
6.081392958E0,9.375000000E1
6.124059625E0,9.375000000E1
6.166726292E0,9.375000000E1
6.209392958E0,9.375000000E1
6.252059625E0,9.375000000E1
6.294726292E0,9.375000000E1
6.337392958E0,9.375000000E1
6.380059625E0,9.375000000E1
6.422726292E0,9.375000000E1
6.465392958E0,9.375000000E1
6.508059625E0,9.375000000E1
6.550726292E0,9.375000000E1
6.593392958E0,9.375000000E1
6.636059625E0,9.375000000E1
6.678726292E0,9.375000000E1
6.721392958E0,9.375000000E1
6.764059625E0,9.375000000E1
6.806726292E0,9.375000000E1
6.849392958E0,9.375000000E1
6.892059625E0,9.375000000E1
6.934726292E0,9.375000000E1
6.977392958E0,9.375000000E1
7.020059625E0,9.375000000E1
7.062726292E0,9.375000000E1
7.105392958E0,9.375000000E1
7.148059625E0,9.375000000E1
7.190726292E0,9.375000000E1
7.233392958E0,9.375000000E1
7.276059625E0,9.375000000E1
7.318726292E0,9.375000000E1
7.361392958E0,9.375000000E1
7.404059625E0,9.375000000E1
7.446726292E0,9.375000000E1
7.489392958E0,9.375000000E1
7.532059625E0,9.375000000E1
7.574726292E0,9.375000000E1
7.617392958E0,9.375000000E1
7.660059625E0,9.375000000E1
7.702726292E0,9.375000000E1
7.745392958E0,9.375000000E1
7.788059625E0,9.375000000E1
7.830726292E0,9.375000000E1
7.873392958E0,9.375000000E1
7.916059625E0,9.375000000E1
7.958726292E0,9.375000000E1
8.001392958E0,9.375000000E1
8.044059625E0,9.375000000E1
8.086726292E0,9.375000000E1
8.129392958E0,9.375000000E1
8.172059625E0,9.375000000E1
8.214726292E0,9.375000000E1
8.257392958E0,9.375000000E1
8.300059625E0,9.375000000E1
8.342726292E0,9.375000000E1
8.385392958E0,9.375000000E1
8.428059625E0,9.375000000E1
8.470726292E0,9.375000000E1
8.513392958E0,9.375000000E1
8.556059625E0,9.375000000E1
8.598726292E0,9.375000000E1
8.641392958E0,9.375000000E1
8.684059625E0,9.375000000E1
8.726726292E0,9.375000000E1
8.769392958E0,9.375000000E1
8.812059625E0,9.375000000E1
8.854726292E0,9.375000000E1
8.897392958E0,9.375000000E1
8.940059625E0,9.375000000E1
8.982726292E0,9.375000000E1
9.025392958E0,9.375000000E1
9.068059625E0,9.375000000E1
9.110726292E0,9.375000000E1
9.153392958E0,9.375000000E1
9.196059625E0,9.375000000E1
9.238726292E0,9.375000000E1
9.281392958E0,9.375000000E1
9.324059625E0,9.375000000E1
9.366726292E0,9.375000000E1
9.409392958E0,9.375000000E1
9.452059625E0,9.375000000E1
9.494726292E0,9.375000000E1
9.537392958E0,9.375000000E1
9.580059625E0,9.375000000E1
9.622726292E0,9.375000000E1
9.665392958E0,9.375000000E1
9.708059625E0,9.375000000E1
9.750726292E0,9.375000000E1
9.793392958E0,9.375000000E1
9.836059625E0,9.375000000E1
9.878726292E0,9.375000000E1
9.921392958E0,9.375000000E1
9.964059625E0,9.375000000E1
1.000672629E1,9.375000000E1
1.004939296E1,9.375000000E1
1.009205962E1,9.375000000E1
1.013472629E1,9.375000000E1
1.017739296E1,9.375000000E1
1.022005962E1,9.375000000E1
1.026272629E1,9.375000000E1
1.030539296E1,9.375000000E1
1.034805962E1,9.375000000E1
1.039072629E1,9.375000000E1
1.043339296E1,9.375000000E1
1.047605962E1,9.375000000E1
1.051872629E1,9.375000000E1
1.056139296E1,9.375000000E1
1.060405962E1,9.375000000E1
1.064672629E1,9.375000000E1
1.068939296E1,9.375000000E1
1.073205962E1,9.375000000E1
1.077472629E1,9.375000000E1
1.081739296E1,9.375000000E1
1.086005962E1,9.375000000E1
1.090272629E1,9.375000000E1
1.094539296E1,9.375000000E1
1.098805962E1,9.375000000E1
1.103072629E1,9.375000000E1
1.107339296E1,9.375000000E1
1.111605962E1,9.375000000E1
1.115872629E1,9.375000000E1
1.120139296E1,9.375000000E1
1.124405962E1,9.375000000E1
1.128672629E1,9.375000000E1
1.132939296E1,9.375000000E1
1.137205962E1,9.375000000E1
1.141472629E1,9.375000000E1
1.145739296E1,9.375000000E1
1.150005962E1,9.375000000E1
1.154272629E1,9.375000000E1
1.158539296E1,9.375000000E1
1.162805962E1,9.375000000E1
1.167072629E1,9.375000000E1
1.171339296E1,9.375000000E1
1.175605962E1,9.375000000E1
1.179872629E1,9.375000000E1
1.184139296E1,9.375000000E1
1.188405962E1,9.375000000E1
1.192672629E1,9.375000000E1
1.196939296E1,9.375000000E1
1.201205962E1,9.375000000E1
1.205472629E1,9.375000000E1
1.209739296E1,9.375000000E1
1.214005962E1,9.375000000E1
1.218272629E1,9.375000000E1
1.222539296E1,9.375000000E1
1.226805962E1,9.375000000E1
1.231072629E1,9.375000000E1
1.235339296E1,9.375000000E1
1.239605962E1,9.375000000E1
1.243872629E1,9.375000000E1
1.248139296E1,9.375000000E1
1.252405962E1,9.375000000E1
1.256672629E1,9.375000000E1
1.260939296E1,9.375000000E1
1.265205962E1,9.375000000E1
1.269472629E1,9.375000000E1
1.273739296E1,9.375000000E1
1.278005962E1,9.375000000E1
1.282272629E1,9.375000000E1
1.286539296E1,9.375000000E1
1.290805962E1,9.375000000E1
1.295072629E1,9.375000000E1
1.299339296E1,9.375000000E1
1.303605962E1,9.375000000E1
1.307872629E1,9.375000000E1
1.312139296E1,9.375000000E1
1.316405962E1,9.375000000E1
1.320672629E1,9.375000000E1
1.324939296E1,9.375000000E1
1.329205962E1,9.375000000E1
1.333472629E1,9.375000000E1
1.337739296E1,9.375000000E1
1.342005962E1,9.375000000E1
1.346272629E1,9.375000000E1
1.350539296E1,9.375000000E1
1.354805962E1,9.375000000E1
1.359072629E1,9.375000000E1
1.363339296E1,9.375000000E1
1.367605962E1,9.375000000E1
1.371872629E1,9.375000000E1
1.376139296E1,9.375000000E1
1.380405962E1,9.375000000E1
1.384672629E1,9.375000000E1
1.388939296E1,9.375000000E1
1.393205962E1,9.375000000E1
1.397472629E1,9.375000000E1
1.401739296E1,9.375000000E1
1.406005962E1,9.375000000E1
1.410272629E1,9.375000000E1
1.414539296E1,9.375000000E1
1.418805962E1,9.375000000E1
1.423072629E1,9.375000000E1
1.427339296E1,9.375000000E1
1.431605962E1,9.375000000E1
1.435872629E1,9.375000000E1
1.440139296E1,9.375000000E1
1.444405962E1,9.375000000E1
1.448672629E1,9.375000000E1
1.452939296E1,9.375000000E1
1.457205962E1,9.375000000E1
1.461472629E1,9.375000000E1
1.465739296E1,9.375000000E1
1.470005962E1,9.375000000E1
1.474272629E1,9.375000000E1
1.478539296E1,9.375000000E1
1.482805962E1,9.375000000E1
1.487072629E1,9.375000000E1
1.491339296E1,9.375000000E1
1.495605962E1,9.375000000E1
1.499872629E1,9.375000000E1
1.504139296E1,9.375000000E1
1.508405962E1,9.375000000E1
1.512672629E1,9.375000000E1
1.516939296E1,9.375000000E1
1.521205962E1,9.375000000E1
1.525472629E1,9.375000000E1
1.529739296E1,9.375000000E1
1.534005962E1,9.375000000E1
1.538272629E1,9.375000000E1
1.542539296E1,9.375000000E1
1.546805962E1,9.375000000E1
1.551072629E1,9.375000000E1
1.555339296E1,9.375000000E1
1.559605962E1,9.375000000E1
1.563872629E1,9.375000000E1
1.568139296E1,9.375000000E1
1.572405962E1,9.375000000E1
1.576672629E1,9.375000000E1
1.580939296E1,9.375000000E1
1.585205962E1,9.375000000E1
1.589472629E1,9.375000000E1
1.593739296E1,9.375000000E1
1.598005962E1,9.375000000E1
1.602272629E1,9.375000000E1
1.606539296E1,9.375000000E1
1.610805962E1,9.375000000E1
1.615072629E1,9.375000000E1
1.619339296E1,9.375000000E1
1.623605962E1,9.375000000E1
1.627872629E1,9.375000000E1
1.632139296E1,9.375000000E1
1.636405962E1,9.375000000E1
1.640672629E1,9.375000000E1
1.644939296E1,9.375000000E1
1.649205962E1,9.375000000E1
1.653472629E1,9.375000000E1
1.657739296E1,9.375000000E1
1.662005962E1,9.375000000E1
1.666272629E1,9.375000000E1
1.670539296E1,9.375000000E1
1.674805962E1,9.375000000E1
1.679072629E1,9.375000000E1
1.683339296E1,9.375000000E1
1.687605962E1,9.375000000E1
1.691872629E1,9.375000000E1
1.696139296E1,9.375000000E1
1.700405962E1,9.375000000E1
1.704672629E1,9.375000000E1
1.708939296E1,9.375000000E1
1.713205962E1,9.375000000E1
1.717472629E1,9.375000000E1
1.721739296E1,9.375000000E1
1.726005962E1,9.375000000E1
1.730272629E1,9.375000000E1
1.734539296E1,9.375000000E1
1.738805962E1,9.375000000E1
1.743072629E1,9.375000000E1
1.747339296E1,9.375000000E1
1.751605962E1,9.375000000E1
1.755872629E1,9.375000000E1
1.760139296E1,9.375000000E1
1.764405962E1,9.375000000E1
1.768672629E1,9.375000000E1
1.772939296E1,9.375000000E1
1.777205962E1,9.375000000E1
1.781472629E1,9.375000000E1
1.785739296E1,9.375000000E1
1.790005962E1,9.375000000E1
1.794272629E1,9.375000000E1
1.798539296E1,9.375000000E1
1.802805962E1,9.375000000E1
1.807072629E1,9.375000000E1
1.811339296E1,9.375000000E1
1.815605962E1,9.375000000E1
1.819872629E1,9.375000000E1
1.824139296E1,9.375000000E1
1.828405962E1,9.375000000E1
1.832672629E1,9.375000000E1
1.836939296E1,9.375000000E1
1.841205962E1,9.375000000E1
1.845472629E1,9.375000000E1
1.849739296E1,9.375000000E1
1.854005962E1,9.375000000E1
1.858272629E1,9.375000000E1
1.862539296E1,9.375000000E1
1.866805962E1,9.375000000E1
1.871072629E1,9.375000000E1
1.875339296E1,9.375000000E1
1.879605962E1,9.375000000E1
1.883872629E1,9.375000000E1
1.888139296E1,9.375000000E1
1.892405962E1,9.375000000E1
1.896672629E1,9.375000000E1
1.900939296E1,9.375000000E1
1.905205962E1,9.375000000E1
1.909472629E1,9.375000000E1
1.913739296E1,9.375000000E1
1.918005962E1,9.375000000E1
1.922272629E1,9.375000000E1
1.926539296E1,9.375000000E1
1.930805962E1,9.375000000E1
1.935072629E1,9.375000000E1
1.939339296E1,9.375000000E1
1.943605962E1,9.375000000E1
1.947872629E1,9.375000000E1
1.952139296E1,9.375000000E1
1.956405962E1,9.375000000E1
1.960672629E1,9.375000000E1
1.964939296E1,9.375000000E1
1.969205962E1,9.375000000E1
1.973472629E1,9.375000000E1
1.977739296E1,9.375000000E1
1.982005962E1,9.375000000E1
1.986272629E1,9.375000000E1
1.990539296E1,9.375000000E1
1.994805962E1,9.375000000E1
1.999072629E1,9.375000000E1
2.003339296E1,9.375000000E1
2.007605962E1,9.375000000E1
2.011872629E1,9.375000000E1
2.016139296E1,9.375000000E1
2.020405962E1,9.375000000E1
2.024672629E1,9.375000000E1
2.028939296E1,9.375000000E1
2.033205962E1,9.375000000E1
2.037472629E1,9.375000000E1
2.041739296E1,9.375000000E1
2.046005962E1,9.375000000E1
2.050272629E1,9.375000000E1
2.054539296E1,9.375000000E1
2.058805962E1,9.375000000E1
2.063072629E1,9.375000000E1
2.067339296E1,9.375000000E1
2.071605962E1,9.375000000E1
2.075872629E1,9.375000000E1
2.080139296E1,9.375000000E1
2.084405962E1,9.375000000E1
2.088672629E1,9.375000000E1
2.092939296E1,9.375000000E1
2.097205962E1,9.375000000E1
2.101472629E1,9.375000000E1
2.105739296E1,9.375000000E1
2.110005962E1,9.375000000E1
2.114272629E1,9.375000000E1
2.118539296E1,9.375000000E1
2.122805962E1,9.375000000E1
2.127072629E1,9.375000000E1
2.131339296E1,9.375000000E1
2.135605962E1,9.375000000E1
2.139872629E1,9.375000000E1
2.144139296E1,9.375000000E1
2.148405962E1,9.375000000E1
2.152672629E1,9.375000000E1
2.156939296E1,9.375000000E1
2.161205962E1,9.375000000E1
2.165472629E1,9.375000000E1
2.169739296E1,9.375000000E1
2.174005962E1,9.375000000E1
2.178272629E1,9.375000000E1
2.182539296E1,9.375000000E1
2.186805962E1,9.375000000E1
2.191072629E1,9.375000000E1
2.195339296E1,9.375000000E1
2.199605962E1,9.375000000E1
2.203872629E1,9.375000000E1
2.208139296E1,9.375000000E1
2.212405962E1,9.375000000E1
2.216672629E1,9.375000000E1
2.220939296E1,9.375000000E1
2.225205962E1,9.375000000E1
2.229472629E1,9.375000000E1
2.233739296E1,9.375000000E1
2.238005962E1,9.375000000E1
2.242272629E1,9.375000000E1
2.246539296E1,9.375000000E1
2.250805962E1,9.375000000E1
2.255072629E1,9.375000000E1
2.259339296E1,9.375000000E1
2.263605962E1,9.375000000E1
2.267872629E1,9.375000000E1
2.272139296E1,9.375000000E1
2.276405962E1,9.375000000E1
2.280672629E1,9.375000000E1
2.284939296E1,9.375000000E1
2.289205962E1,9.375000000E1
2.293472629E1,9.375000000E1
2.297739296E1,9.375000000E1
2.302005962E1,9.375000000E1
2.306272629E1,9.375000000E1
2.310539296E1,9.375000000E1
2.314805962E1,9.375000000E1
2.319072629E1,9.375000000E1
2.323339296E1,9.375000000E1
2.327605962E1,9.375000000E1
2.331872629E1,9.375000000E1
2.336139296E1,9.375000000E1
2.340405962E1,9.375000000E1
2.344672629E1,9.375000000E1
2.348939296E1,9.375000000E1
2.353205962E1,9.375000000E1
2.357472629E1,9.375000000E1
2.361739296E1,9.375000000E1
2.366005962E1,9.375000000E1
2.370272629E1,9.375000000E1
2.374539296E1,9.375000000E1
2.378805962E1,9.375000000E1
2.383072629E1,9.375000000E1
2.387339296E1,9.375000000E1
2.391605962E1,9.375000000E1
2.395872629E1,9.375000000E1
2.400139296E1,9.375000000E1
2.404405962E1,9.375000000E1
2.408672629E1,9.375000000E1
2.412939296E1,9.375000000E1
2.417205962E1,9.375000000E1
2.421472629E1,9.375000000E1
2.425739296E1,9.375000000E1
2.430005962E1,9.375000000E1
2.434272629E1,9.375000000E1
2.438539296E1,9.375000000E1
2.442805962E1,9.375000000E1
2.447072629E1,9.375000000E1
2.451339296E1,9.375000000E1
2.455605962E1,9.375000000E1
2.459872629E1,9.375000000E1
2.464139296E1,9.375000000E1
2.468405962E1,9.375000000E1
2.472672629E1,9.375000000E1
2.476939296E1,9.375000000E1
2.481205962E1,9.375000000E1
2.485472629E1,9.375000000E1
2.489739296E1,9.375000000E1
2.494005962E1,9.375000000E1
2.498272629E1,9.375000000E1
2.502539296E1,9.375000000E1
2.506805962E1,9.375000000E1
2.511072629E1,9.375000000E1
2.515339296E1,9.375000000E1
2.519605962E1,9.375000000E1
2.523872629E1,9.375000000E1
2.528139296E1,9.375000000E1
2.532405962E1,9.375000000E1
2.536672629E1,9.375000000E1
2.540939296E1,9.375000000E1
2.545205962E1,9.375000000E1
2.549472629E1,9.375000000E1
2.553739296E1,9.375000000E1
2.558005962E1,9.375000000E1
2.562272629E1,9.375000000E1
2.566539296E1,9.375000000E1
2.570805962E1,9.375000000E1
2.575072629E1,9.375000000E1
2.579339296E1,9.375000000E1
2.583605962E1,9.375000000E1
2.587872629E1,9.375000000E1
2.592139296E1,9.375000000E1
2.596405962E1,9.375000000E1
2.600672629E1,9.375000000E1
2.604939296E1,9.375000000E1
2.609205962E1,9.375000000E1
2.613472629E1,9.375000000E1
2.617739296E1,9.375000000E1
2.622005962E1,9.375000000E1
2.626272629E1,9.375000000E1
2.630539296E1,9.375000000E1
2.634805962E1,9.375000000E1
2.639072629E1,9.375000000E1
2.643339296E1,9.375000000E1
2.647605962E1,9.375000000E1
2.651872629E1,9.375000000E1
2.656139296E1,9.375000000E1
2.660405962E1,9.375000000E1
2.664672629E1,9.375000000E1
2.668939296E1,9.375000000E1
2.673205962E1,9.375000000E1
2.677472629E1,9.375000000E1
2.681739296E1,9.375000000E1
2.686005962E1,9.375000000E1
2.690272629E1,9.375000000E1
2.694539296E1,9.375000000E1
2.698805962E1,9.375000000E1
2.703072629E1,9.375000000E1
2.707339296E1,9.375000000E1
2.711605962E1,9.375000000E1
2.715872629E1,9.375000000E1
2.720139296E1,9.375000000E1
2.724405962E1,9.375000000E1
2.728672629E1,9.375000000E1
2.732939296E1,9.375000000E1
2.737205962E1,9.375000000E1
2.741472629E1,9.375000000E1
2.745739296E1,9.375000000E1
2.750005962E1,9.375000000E1
2.754272629E1,9.375000000E1
2.758539296E1,9.375000000E1
2.762805962E1,9.375000000E1
2.767072629E1,9.375000000E1
2.771339296E1,9.375000000E1
2.775605962E1,9.375000000E1
2.779872629E1,9.375000000E1
2.784139296E1,9.375000000E1
2.788405962E1,9.375000000E1
2.792672629E1,9.375000000E1
2.796939296E1,9.375000000E1
2.801205962E1,9.375000000E1
2.805472629E1,9.375000000E1
2.809739296E1,9.375000000E1
2.814005962E1,9.375000000E1
2.818272629E1,9.375000000E1
2.822539296E1,9.375000000E1
2.826805962E1,9.375000000E1
2.831072629E1,9.375000000E1
2.835339296E1,9.375000000E1
2.839605962E1,9.375000000E1
2.843872629E1,9.375000000E1
2.848139296E1,9.375000000E1
2.852405962E1,9.375000000E1
2.856672629E1,9.375000000E1
2.860939296E1,9.375000000E1
2.865205962E1,9.375000000E1
2.869472629E1,9.375000000E1
2.873739296E1,9.375000000E1
2.878005962E1,9.375000000E1
2.882272629E1,9.375000000E1
2.886539296E1,9.375000000E1
2.890805962E1,9.375000000E1
2.895072629E1,9.375000000E1
2.899339296E1,9.375000000E1
2.903605962E1,9.375000000E1
2.907872629E1,9.375000000E1
2.912139296E1,9.375000000E1
2.916405962E1,9.375000000E1
2.920672629E1,9.375000000E1
2.924939296E1,9.375000000E1
2.929205962E1,9.375000000E1
2.933472629E1,9.375000000E1
2.937739296E1,9.375000000E1
2.942005962E1,9.375000000E1
2.946272629E1,9.375000000E1
2.950539296E1,9.375000000E1
2.954805962E1,9.375000000E1
2.959072629E1,9.375000000E1
2.963339296E1,9.375000000E1
2.967605962E1,9.375000000E1
2.971872629E1,9.375000000E1
2.976139296E1,9.375000000E1
2.980405962E1,9.375000000E1
2.984672629E1,9.375000000E1
2.988939296E1,9.375000000E1
2.993205962E1,9.375000000E1
2.997472629E1,9.375000000E1
3.001739296E1,9.375000000E1
3.006005962E1,9.375000000E1
3.010272629E1,9.375000000E1
3.014539296E1,9.375000000E1
3.018805962E1,9.375000000E1
3.023072629E1,9.375000000E1
3.027339296E1,9.375000000E1
3.031605962E1,9.375000000E1
3.035872629E1,9.375000000E1
3.040139296E1,9.375000000E1
3.044405962E1,9.375000000E1
3.048672629E1,9.375000000E1
3.052939296E1,9.375000000E1
3.057205962E1,9.375000000E1
3.061472629E1,9.375000000E1
3.065739296E1,9.375000000E1
3.070005962E1,9.375000000E1
3.074272629E1,9.375000000E1
3.078539296E1,9.375000000E1
3.082805962E1,9.375000000E1
3.087072629E1,9.375000000E1
3.091339296E1,9.375000000E1
3.095605962E1,9.375000000E1
3.099872629E1,9.375000000E1
3.104139296E1,9.375000000E1
3.108405962E1,9.375000000E1
3.112672629E1,9.375000000E1
3.116939296E1,9.375000000E1
3.121205962E1,9.375000000E1
3.125472629E1,9.375000000E1
3.129739296E1,9.375000000E1
3.134005962E1,9.375000000E1
3.138272629E1,9.375000000E1
3.142539296E1,9.375000000E1
3.146805962E1,9.375000000E1
3.151072629E1,9.375000000E1
3.155339296E1,9.375000000E1
3.159605962E1,9.375000000E1
3.163872629E1,9.375000000E1
3.168139296E1,9.375000000E1
3.172405962E1,9.375000000E1
3.176672629E1,9.375000000E1
3.180939296E1,9.375000000E1
3.185205962E1,9.375000000E1
3.189472629E1,9.375000000E1
3.193739296E1,9.375000000E1
3.198005962E1,9.375000000E1
3.202272629E1,9.375000000E1
3.206539296E1,9.375000000E1
3.210805962E1,9.375000000E1
3.215072629E1,9.375000000E1
3.219339296E1,9.375000000E1
3.223605962E1,9.375000000E1
3.227872629E1,9.375000000E1
3.232139296E1,9.375000000E1
3.236405962E1,9.375000000E1
3.240672629E1,9.375000000E1
3.244939296E1,9.375000000E1
3.249205962E1,9.375000000E1
3.253472629E1,9.375000000E1
3.257739296E1,9.375000000E1
3.262005962E1,9.375000000E1
3.266272629E1,9.375000000E1
3.270539296E1,9.375000000E1
3.274805962E1,9.375000000E1
3.279072629E1,9.375000000E1
3.283339296E1,9.375000000E1
3.287605962E1,9.375000000E1
3.291872629E1,9.375000000E1
3.296139296E1,9.375000000E1
3.300405962E1,9.375000000E1
3.304672629E1,9.375000000E1
3.308939296E1,9.375000000E1
3.313205962E1,9.375000000E1
3.317472629E1,9.375000000E1
3.321739296E1,9.375000000E1
3.326005962E1,9.375000000E1
3.330272629E1,9.375000000E1
3.334539296E1,9.375000000E1
3.338805962E1,9.375000000E1
3.343072629E1,9.375000000E1
3.347339296E1,9.375000000E1
3.351605962E1,9.375000000E1
3.355872629E1,9.375000000E1
3.360139296E1,9.375000000E1
3.364405962E1,9.375000000E1
3.368672629E1,9.375000000E1
3.372939296E1,9.375000000E1
3.377205962E1,9.375000000E1
3.381472629E1,9.375000000E1
3.385739296E1,9.375000000E1
3.390005962E1,9.375000000E1
3.394272629E1,9.375000000E1
3.398539296E1,9.375000000E1
3.402805962E1,9.375000000E1
3.407072629E1,9.375000000E1
3.411339296E1,9.375000000E1
3.415605962E1,9.375000000E1
3.419872629E1,9.375000000E1
3.424139296E1,9.375000000E1
3.428405962E1,9.375000000E1
3.432672629E1,9.375000000E1
3.436939296E1,9.375000000E1
3.441205962E1,9.375000000E1
3.445472629E1,9.375000000E1
3.449739296E1,9.375000000E1
3.454005962E1,9.375000000E1
3.458272629E1,9.375000000E1
3.462539296E1,9.375000000E1
3.466805962E1,9.375000000E1
3.471072629E1,9.375000000E1
3.475339296E1,9.375000000E1
3.479605962E1,9.375000000E1
3.483872629E1,9.375000000E1
3.488139296E1,9.375000000E1
3.492405962E1,9.375000000E1
3.496672629E1,9.375000000E1
3.500939296E1,9.375000000E1
3.505205962E1,9.375000000E1
3.509472629E1,9.375000000E1
3.513739296E1,9.375000000E1
3.518005962E1,9.375000000E1
3.522272629E1,9.375000000E1
3.526539296E1,9.375000000E1
3.530805962E1,9.375000000E1
3.535072629E1,9.375000000E1
3.539339296E1,9.375000000E1
3.543605962E1,9.375000000E1
3.547872629E1,9.375000000E1
3.552139296E1,9.375000000E1
3.556405962E1,9.375000000E1
3.560672629E1,9.375000000E1
3.564939296E1,9.375000000E1
3.569205962E1,9.375000000E1
3.573472629E1,9.375000000E1
3.577739296E1,9.375000000E1
3.582005962E1,9.375000000E1
3.586272629E1,9.375000000E1
3.590539296E1,9.375000000E1
3.594805962E1,9.375000000E1
3.599072629E1,9.375000000E1
3.603339296E1,9.375000000E1
3.607605962E1,9.375000000E1
3.611872629E1,9.375000000E1
3.616139296E1,9.375000000E1
3.620405962E1,9.375000000E1
3.624672629E1,9.375000000E1
3.628939296E1,9.375000000E1
3.633205962E1,9.375000000E1
3.637472629E1,9.375000000E1
3.641739296E1,9.375000000E1
3.646005962E1,9.375000000E1
3.650272629E1,9.375000000E1
3.654539296E1,9.375000000E1
3.658805962E1,9.375000000E1
3.663072629E1,9.375000000E1
3.667339296E1,9.375000000E1
3.671605962E1,9.375000000E1
3.675872629E1,9.375000000E1
3.680139296E1,9.375000000E1
3.684405962E1,9.375000000E1
3.688672629E1,9.375000000E1
3.692939296E1,9.375000000E1
3.697205962E1,9.375000000E1
3.701472629E1,9.375000000E1
3.705739296E1,9.375000000E1
3.710005962E1,9.375000000E1
3.714272629E1,9.375000000E1
3.718539296E1,9.375000000E1
3.722805962E1,9.375000000E1
3.727072629E1,9.375000000E1
3.731339296E1,9.375000000E1
3.735605962E1,9.375000000E1
3.739872629E1,9.375000000E1
3.744139296E1,9.375000000E1
3.748405962E1,9.375000000E1
3.752672629E1,9.375000000E1
3.756939296E1,9.375000000E1
3.761205962E1,9.375000000E1
3.765472629E1,9.375000000E1
3.769739296E1,9.375000000E1
3.774005962E1,9.375000000E1
3.778272629E1,9.375000000E1
3.782539296E1,9.375000000E1
3.786805962E1,9.375000000E1
3.791072629E1,9.375000000E1
3.795339296E1,9.375000000E1
3.799605962E1,9.375000000E1
3.803872629E1,9.375000000E1
3.808139296E1,9.375000000E1
3.812405962E1,9.375000000E1
3.816672629E1,9.375000000E1
3.820939296E1,9.375000000E1
3.825205962E1,9.375000000E1
3.829472629E1,9.375000000E1
3.833739296E1,9.375000000E1
3.838005962E1,9.375000000E1
3.842272629E1,9.375000000E1
3.846539296E1,9.375000000E1
3.850805962E1,9.375000000E1
3.855072629E1,9.375000000E1
3.859339296E1,9.375000000E1
3.863605962E1,9.375000000E1
3.867872629E1,9.375000000E1
3.872139296E1,9.375000000E1
3.876405962E1,9.375000000E1
3.880672629E1,9.375000000E1
3.884939296E1,9.375000000E1
3.889205962E1,9.375000000E1
3.893472629E1,9.375000000E1
3.897739296E1,9.375000000E1
3.902005962E1,9.375000000E1
3.906272629E1,9.375000000E1
3.910539296E1,9.375000000E1
3.914805962E1,9.375000000E1
3.919072629E1,9.375000000E1
3.923339296E1,9.375000000E1
3.927605962E1,9.375000000E1
3.931872629E1,2.343750000E1
3.936139296E1,9.375000000E1
3.940405962E1,9.375000000E1
3.944672629E1,9.375000000E1
3.948939296E1,9.375000000E1
3.953205962E1,9.375000000E1
3.957472629E1,9.375000000E1
3.961739296E1,9.375000000E1
3.966005962E1,9.375000000E1
3.970272629E1,9.375000000E1
3.974539296E1,9.375000000E1
3.978805962E1,9.375000000E1
3.983072629E1,9.375000000E1
3.987339296E1,9.375000000E1
3.991605962E1,9.375000000E1
3.995872629E1,9.375000000E1
4.000139296E1,9.375000000E1
4.004405962E1,9.375000000E1
4.008672629E1,9.375000000E1
4.012939296E1,9.375000000E1
4.017205962E1,9.375000000E1
4.021472629E1,9.375000000E1
4.025739296E1,9.375000000E1
4.030005962E1,9.375000000E1
4.034272629E1,9.375000000E1
4.038539296E1,9.375000000E1
4.042805962E1,9.375000000E1
4.047072629E1,9.375000000E1
4.051339296E1,9.375000000E1
4.055605962E1,9.375000000E1
4.059872629E1,9.375000000E1
4.064139296E1,9.375000000E1
4.068405962E1,9.375000000E1
4.072672629E1,9.375000000E1
4.076939296E1,9.375000000E1
4.081205962E1,9.375000000E1
4.085472629E1,9.375000000E1
4.089739296E1,9.375000000E1
4.094005962E1,9.375000000E1
4.098272629E1,9.375000000E1
4.102539296E1,9.375000000E1
4.106805962E1,9.375000000E1
4.111072629E1,9.375000000E1
4.115339296E1,9.375000000E1
4.119605962E1,9.375000000E1
4.123872629E1,9.375000000E1
4.128139296E1,9.375000000E1
4.132405962E1,9.375000000E1
4.136672629E1,9.375000000E1
4.140939296E1,9.375000000E1
4.145205962E1,9.375000000E1
4.149472629E1,9.375000000E1
4.153739296E1,9.375000000E1
4.158005962E1,9.375000000E1
4.162272629E1,9.375000000E1
4.166539296E1,9.375000000E1
4.170805962E1,9.375000000E1
4.175072629E1,9.375000000E1
4.179339296E1,9.375000000E1
4.183605962E1,9.375000000E1
4.187872629E1,9.375000000E1
4.192139296E1,9.375000000E1
4.196405962E1,9.375000000E1
4.200672629E1,9.375000000E1
4.204939296E1,9.375000000E1
4.209205962E1,9.375000000E1
4.213472629E1,9.375000000E1
4.217739296E1,9.375000000E1
4.222005962E1,9.375000000E1
4.226272629E1,9.375000000E1
4.230539296E1,9.375000000E1
4.234805962E1,9.375000000E1
4.239072629E1,9.375000000E1
4.243339296E1,9.375000000E1
4.247605962E1,9.375000000E1
4.251872629E1,9.375000000E1
4.256139296E1,9.375000000E1
4.260405962E1,9.375000000E1
4.264672629E1,9.375000000E1
4.268939296E1,9.375000000E1
4.273205962E1,9.375000000E1
4.277472629E1,9.375000000E1
4.281739296E1,9.375000000E1
4.286005962E1,9.375000000E1
4.290272629E1,9.375000000E1
4.294539296E1,9.375000000E1
4.298805962E1,9.375000000E1
4.303072629E1,9.375000000E1
4.307339296E1,9.375000000E1
4.311605962E1,9.375000000E1
4.315872629E1,9.375000000E1
4.320139296E1,9.375000000E1
4.324405962E1,9.375000000E1
4.328672629E1,9.375000000E1
4.332939296E1,9.375000000E1
4.337205962E1,9.375000000E1
4.341472629E1,9.375000000E1
4.345739296E1,9.375000000E1
4.350005962E1,9.375000000E1
4.354272629E1,9.375000000E1
4.358539296E1,9.375000000E1
4.362805962E1,9.375000000E1
4.367072629E1,9.375000000E1
4.371339296E1,9.375000000E1
4.375605962E1,9.375000000E1
4.379872629E1,9.375000000E1
4.384139296E1,9.375000000E1
4.388405962E1,9.375000000E1
4.392672629E1,9.375000000E1
4.396939296E1,9.375000000E1
4.401205962E1,9.375000000E1
4.405472629E1,9.375000000E1
4.409739296E1,9.375000000E1
4.414005962E1,9.375000000E1
4.418272629E1,9.375000000E1
4.422539296E1,9.375000000E1
4.426805962E1,9.375000000E1
4.431072629E1,9.375000000E1
4.435339296E1,9.375000000E1
4.439605962E1,9.375000000E1
4.443872629E1,9.375000000E1
4.448139296E1,9.375000000E1
4.452405962E1,9.375000000E1
4.456672629E1,9.375000000E1
4.460939296E1,9.375000000E1
4.465205962E1,9.375000000E1
4.469472629E1,9.375000000E1
4.473739296E1,9.375000000E1
4.478005962E1,9.375000000E1
4.482272629E1,9.375000000E1
4.486539296E1,9.375000000E1
4.490805962E1,9.375000000E1
4.495072629E1,9.375000000E1
4.499339296E1,9.375000000E1
4.503605962E1,9.375000000E1
4.507872629E1,9.375000000E1
4.512139296E1,9.375000000E1
4.516405962E1,9.375000000E1
4.520672629E1,9.375000000E1
4.524939296E1,9.375000000E1
4.529205962E1,9.375000000E1
4.533472629E1,9.375000000E1
4.537739296E1,9.375000000E1
4.542005962E1,9.375000000E1
4.546272629E1,9.375000000E1
4.550539296E1,9.375000000E1
4.554805962E1,9.375000000E1
4.559072629E1,9.375000000E1
4.563339296E1,9.375000000E1
4.567605962E1,9.375000000E1
4.571872629E1,9.375000000E1
4.576139296E1,9.375000000E1
4.580405962E1,9.375000000E1
4.584672629E1,9.375000000E1
4.588939296E1,9.375000000E1
4.593205962E1,9.375000000E1
4.597472629E1,9.375000000E1
4.601739296E1,9.375000000E1
4.606005962E1,9.375000000E1
4.610272629E1,9.375000000E1
4.614539296E1,9.375000000E1
4.618805962E1,9.375000000E1
4.623072629E1,9.375000000E1
4.627339296E1,9.375000000E1
4.631605962E1,9.375000000E1
4.635872629E1,9.375000000E1
4.640139296E1,9.375000000E1
4.644405962E1,9.375000000E1
4.648672629E1,9.375000000E1
4.652939296E1,9.375000000E1
4.657205962E1,9.375000000E1
4.661472629E1,9.375000000E1
4.665739296E1,9.375000000E1
4.670005962E1,9.375000000E1
4.674272629E1,9.375000000E1
4.678539296E1,9.375000000E1
4.682805962E1,9.375000000E1
4.687072629E1,9.375000000E1
4.691339296E1,9.375000000E1
4.695605962E1,9.375000000E1
4.699872629E1,9.375000000E1
4.704139296E1,9.375000000E1
4.708405962E1,9.375000000E1
4.712672629E1,9.375000000E1
4.716939296E1,9.375000000E1
4.721205962E1,9.375000000E1
4.725472629E1,9.375000000E1
4.729739296E1,9.375000000E1
4.734005962E1,9.375000000E1
4.738272629E1,9.375000000E1
4.742539296E1,9.375000000E1
4.746805962E1,9.375000000E1
4.751072629E1,9.375000000E1
4.755339296E1,9.375000000E1
4.759605962E1,9.375000000E1
4.763872629E1,9.375000000E1
4.768139296E1,9.375000000E1
4.772405962E1,9.375000000E1
4.776672629E1,9.375000000E1
4.780939296E1,9.375000000E1
4.785205962E1,9.375000000E1
4.789472629E1,9.375000000E1
4.793739296E1,9.375000000E1
4.798005962E1,9.375000000E1
4.802272629E1,9.375000000E1
4.806539296E1,9.375000000E1
4.810805962E1,9.375000000E1
4.815072629E1,9.375000000E1
4.819339296E1,9.375000000E1
4.823605962E1,9.375000000E1
4.827872629E1,9.375000000E1
4.832139296E1,9.375000000E1
4.836405962E1,9.375000000E1
4.840672629E1,9.375000000E1
4.844939296E1,9.375000000E1
4.849205962E1,9.375000000E1
4.853472629E1,9.375000000E1
4.857739296E1,9.375000000E1
4.862005962E1,9.375000000E1
4.866272629E1,9.375000000E1
4.870539296E1,9.375000000E1
4.874805962E1,9.375000000E1
4.879072629E1,9.375000000E1
4.883339296E1,9.375000000E1
4.887605962E1,9.375000000E1
4.891872629E1,9.375000000E1
4.896139296E1,9.375000000E1
4.900405962E1,9.375000000E1
4.904672629E1,9.375000000E1
4.908939296E1,9.375000000E1
4.913205962E1,9.375000000E1
4.917472629E1,9.375000000E1
4.921739296E1,9.375000000E1
4.926005962E1,9.375000000E1
4.930272629E1,9.375000000E1
4.934539296E1,9.375000000E1
4.938805962E1,9.375000000E1
4.943072629E1,9.375000000E1
4.947339296E1,9.375000000E1
4.951605962E1,9.375000000E1
4.955872629E1,9.375000000E1
4.960139296E1,9.375000000E1
4.964405962E1,9.375000000E1
4.968672629E1,9.375000000E1
4.972939296E1,9.375000000E1
4.977205962E1,9.375000000E1
4.981472629E1,9.375000000E1
4.985739296E1,9.375000000E1
4.990005962E1,9.375000000E1
4.994272629E1,9.375000000E1
4.998539296E1,9.375000000E1
5.002805962E1,9.375000000E1
5.007072629E1,9.375000000E1
5.011339296E1,9.375000000E1
5.015605962E1,9.375000000E1
5.019872629E1,9.375000000E1
5.024139296E1,9.375000000E1
5.028405962E1,9.375000000E1
5.032672629E1,9.375000000E1
5.036939296E1,9.375000000E1
5.041205962E1,9.375000000E1
5.045472629E1,9.375000000E1
5.049739296E1,9.375000000E1
5.054005962E1,9.375000000E1
5.058272629E1,9.375000000E1
5.062539296E1,9.375000000E1
5.066805962E1,9.375000000E1
5.071072629E1,9.375000000E1
5.075339296E1,9.375000000E1
5.079605962E1,9.375000000E1
5.083872629E1,9.375000000E1
5.088139296E1,9.375000000E1
5.092405962E1,9.375000000E1
5.096672629E1,9.375000000E1
5.100939296E1,9.375000000E1
5.105205962E1,9.375000000E1
5.109472629E1,9.375000000E1
5.113739296E1,9.375000000E1
5.118005962E1,9.375000000E1
5.122272629E1,9.375000000E1
5.126539296E1,9.375000000E1
5.130805962E1,9.375000000E1
5.135072629E1,9.375000000E1
5.139339296E1,9.375000000E1
5.143605962E1,9.375000000E1
5.147872629E1,9.375000000E1
5.152139296E1,9.375000000E1
5.156405962E1,9.375000000E1
5.160672629E1,9.375000000E1
5.164939296E1,9.375000000E1
5.169205962E1,9.375000000E1
5.173472629E1,9.375000000E1
5.177739296E1,9.375000000E1
5.182005962E1,9.375000000E1
5.186272629E1,9.375000000E1
5.190539296E1,9.375000000E1
5.194805962E1,9.375000000E1
5.199072629E1,9.375000000E1
5.203339296E1,9.375000000E1
5.207605962E1,9.375000000E1
5.211872629E1,9.375000000E1
5.216139296E1,9.375000000E1
5.220405962E1,9.375000000E1
5.224672629E1,9.375000000E1
5.228939296E1,9.375000000E1
5.233205962E1,9.375000000E1
5.237472629E1,9.375000000E1
5.241739296E1,9.375000000E1
5.246005962E1,9.375000000E1
5.250272629E1,9.375000000E1
5.254539296E1,9.375000000E1
5.258805962E1,9.375000000E1
5.263072629E1,9.375000000E1
5.267339296E1,9.375000000E1
5.271605962E1,9.375000000E1
5.275872629E1,9.375000000E1
5.280139296E1,9.375000000E1
5.284405962E1,9.375000000E1
5.288672629E1,9.375000000E1
5.292939296E1,9.375000000E1
5.297205962E1,9.375000000E1
5.301472629E1,9.375000000E1
5.305739296E1,9.375000000E1
5.310005962E1,9.375000000E1
5.314272629E1,9.375000000E1
5.318539296E1,9.375000000E1
5.322805962E1,9.375000000E1
5.327072629E1,9.375000000E1
5.331339296E1,9.375000000E1
5.335605962E1,9.375000000E1
5.339872629E1,1.171875000E2
5.344139296E1,9.375000000E1
5.348405962E1,9.375000000E1
5.352672629E1,9.375000000E1
5.356939296E1,9.375000000E1
5.361205962E1,9.375000000E1
5.365472629E1,9.375000000E1
5.369739296E1,9.375000000E1
5.374005962E1,9.375000000E1
5.378272629E1,9.375000000E1
5.382539296E1,9.375000000E1
5.386805962E1,9.375000000E1
5.391072629E1,9.375000000E1
5.395339296E1,9.375000000E1
5.399605962E1,9.375000000E1
5.403872629E1,9.375000000E1
5.408139296E1,9.375000000E1
5.412405962E1,9.375000000E1
5.416672629E1,9.375000000E1
5.420939296E1,9.375000000E1
5.425205962E1,9.375000000E1
5.429472629E1,9.375000000E1
5.433739296E1,9.375000000E1
5.438005962E1,9.375000000E1
5.442272629E1,9.375000000E1
5.446539296E1,9.375000000E1
5.450805962E1,1.171875000E2
5.455072629E1,9.375000000E1
5.459339296E1,9.375000000E1
5.463605962E1,9.375000000E1
5.467872629E1,1.171875000E2
5.472139296E1,9.375000000E1
5.476405962E1,9.375000000E1
5.480672629E1,9.375000000E1
5.484939296E1,9.375000000E1
5.489205962E1,9.375000000E1
5.493472629E1,9.375000000E1
5.497739296E1,9.375000000E1
5.502005962E1,9.375000000E1
5.506272629E1,9.375000000E1
5.510539296E1,9.375000000E1
5.514805962E1,9.375000000E1
5.519072629E1,9.375000000E1
5.523339296E1,9.375000000E1
5.527605962E1,9.375000000E1
5.531872629E1,9.375000000E1
5.536139296E1,9.375000000E1
5.540405962E1,9.375000000E1
5.544672629E1,9.375000000E1
5.548939296E1,9.375000000E1
5.553205962E1,9.375000000E1
5.557472629E1,9.375000000E1
5.561739296E1,9.375000000E1
5.566005962E1,9.375000000E1
5.570272629E1,9.375000000E1
5.574539296E1,9.375000000E1
5.578805962E1,9.375000000E1
5.583072629E1,9.375000000E1
5.587339296E1,9.375000000E1
5.591605962E1,1.171875000E2
5.595872629E1,9.375000000E1
5.600139296E1,9.375000000E1
5.604405962E1,9.375000000E1
5.608672629E1,9.375000000E1
5.612939296E1,1.171875000E2
5.617205962E1,9.375000000E1
5.621472629E1,9.375000000E1
5.625739296E1,9.375000000E1
5.630005962E1,9.375000000E1
5.634272629E1,9.375000000E1
5.638539296E1,9.375000000E1
5.642805962E1,9.375000000E1
5.647072629E1,9.375000000E1
5.651339296E1,9.375000000E1
5.655605962E1,9.375000000E1
5.659872629E1,9.375000000E1
5.664139296E1,9.375000000E1
5.668405962E1,9.375000000E1
5.672672629E1,9.375000000E1
5.676939296E1,9.375000000E1
5.681205962E1,9.375000000E1
5.685472629E1,9.375000000E1
5.689739296E1,9.375000000E1
5.694005962E1,9.375000000E1
5.698272629E1,9.375000000E1
5.702539296E1,9.375000000E1
5.706805962E1,9.375000000E1
5.711072629E1,9.375000000E1
5.715339296E1,9.375000000E1
5.719605962E1,9.375000000E1
5.723872629E1,9.375000000E1
5.728139296E1,9.375000000E1
5.732405962E1,9.375000000E1
5.736672629E1,9.375000000E1
5.740939296E1,9.375000000E1
5.745205962E1,9.375000000E1
5.749472629E1,9.375000000E1
5.753739296E1,9.375000000E1
5.758005962E1,9.375000000E1
5.762272629E1,9.375000000E1
5.766539296E1,9.375000000E1
5.770805962E1,9.375000000E1
5.775072629E1,9.375000000E1
5.779339296E1,2.343750000E1
5.783605962E1,2.343750000E1
5.787872629E1,9.375000000E1
5.792139296E1,9.375000000E1
5.796405962E1,2.343750000E1
5.800672629E1,2.343750000E1
5.804939296E1,9.375000000E1
5.809205962E1,1.171875000E2
5.813472629E1,2.343750000E1
5.817739296E1,9.375000000E1
5.822005962E1,2.343750000E1
5.826272629E1,9.375000000E1
5.830539296E1,9.375000000E1
5.834805962E1,9.375000000E1
5.839072629E1,9.375000000E1
5.843339296E1,9.375000000E1
5.847605962E1,9.375000000E1
5.851872629E1,9.375000000E1
5.856139296E1,9.375000000E1
5.860405962E1,9.375000000E1
5.864672629E1,2.343750000E1
5.868939296E1,2.343750000E1
5.873205962E1,9.375000000E1
5.877472629E1,9.375000000E1
5.881739296E1,9.375000000E1
5.886005962E1,9.375000000E1
5.890272629E1,9.375000000E1
5.894539296E1,9.375000000E1
5.898805962E1,9.375000000E1
5.903072629E1,9.375000000E1
5.907339296E1,9.375000000E1
5.911605962E1,9.375000000E1
5.915872629E1,2.343750000E1
5.920139296E1,9.375000000E1
5.924405962E1,9.375000000E1
5.928672629E1,9.375000000E1
5.932939296E1,9.375000000E1
5.937205962E1,9.375000000E1
5.941472629E1,9.375000000E1
5.945739296E1,9.375000000E1
5.950005962E1,2.343750000E1
5.954272629E1,2.343750000E1
5.958539296E1,2.343750000E1
5.962805962E1,2.343750000E1
5.967072629E1,9.375000000E1
5.971339296E1,4.687500000E1
5.975605962E1,9.375000000E1
5.979872629E1,9.375000000E1
5.984139296E1,2.343750000E1
5.988405962E1,9.375000000E1
5.992672629E1,9.375000000E1
5.996939296E1,9.375000000E1
6.001205962E1,9.375000000E1
6.005472629E1,9.375000000E1
6.009739296E1,9.375000000E1
6.014005962E1,9.375000000E1
6.018272629E1,9.375000000E1
6.022539296E1,9.375000000E1
6.026805962E1,9.375000000E1
6.031072629E1,9.375000000E1
6.035339296E1,9.375000000E1
6.039605962E1,9.375000000E1
6.043872629E1,9.375000000E1
6.048139296E1,9.375000000E1
6.052405962E1,9.375000000E1
6.056672629E1,9.375000000E1
6.060939296E1,9.375000000E1
6.065205962E1,9.375000000E1
6.069472629E1,9.375000000E1
6.073739296E1,9.375000000E1
6.078005962E1,9.375000000E1
6.082272629E1,9.375000000E1
6.086539296E1,9.375000000E1
6.090805962E1,9.375000000E1
6.095072629E1,9.375000000E1
6.099339296E1,9.375000000E1
6.103605962E1,9.375000000E1
6.107872629E1,9.375000000E1
6.112139296E1,9.375000000E1
6.116405962E1,9.375000000E1
6.120672629E1,9.375000000E1
6.124939296E1,9.375000000E1
6.129205962E1,9.375000000E1
6.133472629E1,9.375000000E1
6.137739296E1,9.375000000E1
6.142005962E1,9.375000000E1
6.146272629E1,4.687500000E1
6.150539296E1,9.375000000E1
6.154805962E1,9.375000000E1
6.159072629E1,9.375000000E1
6.163339296E1,9.375000000E1
6.167605962E1,9.375000000E1
6.171872629E1,9.375000000E1
6.176139296E1,9.375000000E1
6.180405962E1,9.375000000E1
6.184672629E1,9.375000000E1
6.188939296E1,9.375000000E1
6.193205962E1,9.375000000E1
6.197472629E1,9.375000000E1
6.201739296E1,9.375000000E1
6.206005962E1,9.375000000E1
6.210272629E1,9.375000000E1
6.214539296E1,9.375000000E1
6.218805962E1,9.375000000E1
6.223072629E1,9.375000000E1
6.227339296E1,9.375000000E1
6.231605962E1,9.375000000E1
6.235872629E1,9.375000000E1
6.240139296E1,9.375000000E1
6.244405962E1,9.375000000E1
6.248672629E1,9.375000000E1
6.252939296E1,9.375000000E1
6.257205962E1,9.375000000E1
6.261472629E1,9.375000000E1
6.265739296E1,9.375000000E1
6.270005962E1,9.375000000E1
6.274272629E1,9.375000000E1
6.278539296E1,9.375000000E1
6.282805962E1,9.375000000E1
6.287072629E1,9.375000000E1
6.291339296E1,9.375000000E1
6.295605962E1,9.375000000E1
6.299872629E1,9.375000000E1
6.304139296E1,9.375000000E1
6.308405962E1,9.375000000E1
6.312672629E1,9.375000000E1
6.316939296E1,9.375000000E1
6.321205962E1,9.375000000E1
6.325472629E1,9.375000000E1
6.329739296E1,9.375000000E1
6.334005962E1,9.375000000E1
6.338272629E1,9.375000000E1
6.342539296E1,9.375000000E1
6.346805962E1,9.375000000E1
6.351072629E1,2.343750000E1
6.355339296E1,9.375000000E1
6.359605962E1,9.375000000E1
6.363872629E1,9.375000000E1
6.368139296E1,9.375000000E1
6.372405962E1,9.375000000E1
6.376672629E1,9.375000000E1
6.380939296E1,9.375000000E1
6.385205962E1,9.375000000E1
6.389472629E1,9.375000000E1
6.393739296E1,9.375000000E1
6.398005962E1,9.375000000E1
6.402272629E1,9.375000000E1
6.406539296E1,9.375000000E1
6.410805962E1,9.375000000E1
6.415072629E1,9.375000000E1
6.419339296E1,9.375000000E1
6.423605962E1,9.375000000E1
6.427872629E1,9.375000000E1
6.432139296E1,9.375000000E1
6.436405962E1,9.375000000E1
6.440672629E1,9.375000000E1
6.444939296E1,9.375000000E1
6.449205962E1,9.375000000E1
6.453472629E1,9.375000000E1
6.457739296E1,9.375000000E1
6.462005962E1,9.375000000E1
6.466272629E1,9.375000000E1
6.470539296E1,9.375000000E1
6.474805962E1,9.375000000E1
6.479072629E1,9.375000000E1
6.483339296E1,9.375000000E1
6.487605962E1,9.375000000E1
6.491872629E1,9.375000000E1
6.496139296E1,9.375000000E1
6.500405962E1,9.375000000E1
6.504672629E1,9.375000000E1
6.508939296E1,9.375000000E1
6.513205962E1,9.375000000E1
6.517472629E1,9.375000000E1
6.521739296E1,7.031250000E1
6.526005962E1,9.375000000E1
6.530272629E1,9.375000000E1
6.534539296E1,9.375000000E1
6.538805962E1,9.375000000E1
6.543072629E1,9.375000000E1
6.547339296E1,9.375000000E1
6.551605962E1,2.343750000E1
6.555872629E1,9.375000000E1
6.560139296E1,9.375000000E1
6.564405962E1,9.375000000E1
6.568672629E1,9.375000000E1
6.572939296E1,9.375000000E1
6.577205962E1,4.687500000E1
6.581472629E1,9.375000000E1
6.585739296E1,9.375000000E1
6.590005962E1,9.375000000E1
6.594272629E1,9.375000000E1
6.598539296E1,9.375000000E1
6.602805962E1,9.375000000E1
6.607072629E1,9.375000000E1
6.611339296E1,9.375000000E1
6.615605962E1,9.375000000E1
6.619872629E1,9.375000000E1
6.624139296E1,9.375000000E1
6.628405962E1,9.375000000E1
6.632672629E1,9.375000000E1
6.636939296E1,9.375000000E1
6.641205962E1,9.375000000E1
6.645472629E1,9.375000000E1
6.649739296E1,9.375000000E1
6.654005962E1,9.375000000E1
6.658272629E1,9.375000000E1
6.662539296E1,9.375000000E1
6.666805962E1,9.375000000E1
6.671072629E1,9.375000000E1
6.675339296E1,9.375000000E1
6.679605962E1,9.375000000E1
6.683872629E1,9.375000000E1
6.688139296E1,9.375000000E1
6.692405962E1,9.375000000E1
6.696672629E1,9.375000000E1
6.700939296E1,9.375000000E1
6.705205962E1,9.375000000E1
6.709472629E1,9.375000000E1
6.713739296E1,9.375000000E1
6.718005962E1,9.375000000E1
6.722272629E1,9.375000000E1
6.726539296E1,9.375000000E1
6.730805962E1,9.375000000E1
6.735072629E1,9.375000000E1
6.739339296E1,9.375000000E1
6.743605962E1,9.375000000E1
6.747872629E1,9.375000000E1
6.752139296E1,9.375000000E1
6.756405962E1,9.375000000E1
6.760672629E1,9.375000000E1
6.764939296E1,9.375000000E1
6.769205962E1,9.375000000E1
6.773472629E1,9.375000000E1
6.777739296E1,9.375000000E1
6.782005962E1,9.375000000E1
6.786272629E1,9.375000000E1
6.790539296E1,9.375000000E1
6.794805962E1,9.375000000E1
6.799072629E1,9.375000000E1
6.803339296E1,9.375000000E1
6.807605962E1,9.375000000E1
6.811872629E1,9.375000000E1
6.816139296E1,9.375000000E1
6.820405962E1,9.375000000E1
6.824672629E1,9.375000000E1
6.828939296E1,9.375000000E1
6.833205962E1,9.375000000E1
6.837472629E1,9.375000000E1
6.841739296E1,9.375000000E1
6.846005962E1,9.375000000E1
6.850272629E1,9.375000000E1
6.854539296E1,9.375000000E1
6.858805962E1,9.375000000E1
6.863072629E1,9.375000000E1
6.867339296E1,9.375000000E1
6.871605962E1,9.375000000E1
6.875872629E1,9.375000000E1
6.880139296E1,9.375000000E1
6.884405962E1,9.375000000E1
6.888672629E1,9.375000000E1
6.892939296E1,9.375000000E1
6.897205962E1,9.375000000E1
6.901472629E1,9.375000000E1
6.905739296E1,9.375000000E1
6.910005962E1,9.375000000E1
6.914272629E1,9.375000000E1
6.918539296E1,9.375000000E1
6.922805962E1,9.375000000E1
6.927072629E1,9.375000000E1
6.931339296E1,9.375000000E1
6.935605962E1,9.375000000E1
6.939872629E1,9.375000000E1
6.944139296E1,9.375000000E1
6.948405962E1,9.375000000E1
6.952672629E1,9.375000000E1
6.956939296E1,9.375000000E1
6.961205962E1,9.375000000E1
6.965472629E1,9.375000000E1
6.969739296E1,9.375000000E1
6.974005962E1,9.375000000E1
6.978272629E1,9.375000000E1
6.982539296E1,9.375000000E1
6.986805962E1,9.375000000E1
6.991072629E1,9.375000000E1
6.995339296E1,9.375000000E1
6.999605962E1,9.375000000E1
7.003872629E1,9.375000000E1
7.008139296E1,9.375000000E1
7.012405962E1,9.375000000E1
7.016672629E1,9.375000000E1
7.020939296E1,9.375000000E1
7.025205962E1,9.375000000E1
7.029472629E1,9.375000000E1
7.033739296E1,9.375000000E1
7.038005962E1,9.375000000E1
7.042272629E1,9.375000000E1
7.046539296E1,9.375000000E1
7.050805962E1,9.375000000E1
7.055072629E1,9.375000000E1
7.059339296E1,9.375000000E1
7.063605962E1,9.375000000E1
7.067872629E1,9.375000000E1
7.072139296E1,9.375000000E1
7.076405962E1,9.375000000E1
7.080672629E1,9.375000000E1
7.084939296E1,9.375000000E1
7.089205962E1,9.375000000E1
7.093472629E1,9.375000000E1
7.097739296E1,9.375000000E1
7.102005962E1,9.375000000E1
7.106272629E1,2.343750000E1
7.110539296E1,9.375000000E1
7.114805962E1,9.375000000E1
7.119072629E1,9.375000000E1
7.123339296E1,9.375000000E1
7.127605962E1,9.375000000E1
7.131872629E1,9.375000000E1
7.136139296E1,9.375000000E1
7.140405962E1,9.375000000E1
7.144672629E1,9.375000000E1
7.148939296E1,9.375000000E1
7.153205962E1,9.375000000E1
7.157472629E1,9.375000000E1
7.161739296E1,9.375000000E1
7.166005962E1,9.375000000E1
7.170272629E1,9.375000000E1
7.174539296E1,9.375000000E1
7.178805962E1,9.375000000E1
7.183072629E1,9.375000000E1
7.187339296E1,9.375000000E1
7.191605962E1,9.375000000E1
7.195872629E1,9.375000000E1
7.200139296E1,9.375000000E1
7.204405962E1,9.375000000E1
7.208672629E1,9.375000000E1
7.212939296E1,9.375000000E1
7.217205962E1,9.375000000E1
7.221472629E1,9.375000000E1
7.225739296E1,9.375000000E1
7.230005962E1,9.375000000E1
7.234272629E1,9.375000000E1
7.238539296E1,9.375000000E1
7.242805962E1,9.375000000E1
7.247072629E1,9.375000000E1
7.251339296E1,9.375000000E1
7.255605962E1,9.375000000E1
7.259872629E1,9.375000000E1
7.264139296E1,9.375000000E1
7.268405962E1,9.375000000E1
7.272672629E1,9.375000000E1
7.276939296E1,9.375000000E1
7.281205962E1,9.375000000E1
7.285472629E1,9.375000000E1
7.289739296E1,9.375000000E1
7.294005962E1,2.343750000E1
7.298272629E1,9.375000000E1
7.302539296E1,9.375000000E1
7.306805962E1,9.375000000E1
7.311072629E1,4.687500000E1
7.315339296E1,9.375000000E1
7.319605962E1,9.375000000E1
7.323872629E1,9.375000000E1
7.328139296E1,9.375000000E1
7.332405962E1,9.375000000E1
7.336672629E1,9.375000000E1
7.340939296E1,9.375000000E1
7.345205962E1,9.375000000E1
7.349472629E1,9.375000000E1
7.353739296E1,9.375000000E1
7.358005962E1,9.375000000E1
7.362272629E1,9.375000000E1
7.366539296E1,9.375000000E1
7.370805962E1,9.375000000E1
7.375072629E1,9.375000000E1
7.379339296E1,9.375000000E1
7.383605962E1,9.375000000E1
7.387872629E1,9.375000000E1
7.392139296E1,9.375000000E1
7.396405962E1,1.171875000E2
7.400672629E1,9.375000000E1
7.404939296E1,9.375000000E1
7.409205962E1,9.375000000E1
7.413472629E1,9.375000000E1
7.417739296E1,1.171875000E2
7.422005962E1,9.375000000E1
7.426272629E1,9.375000000E1
7.430539296E1,9.375000000E1
7.434805962E1,9.375000000E1
7.439072629E1,9.375000000E1
7.443339296E1,9.375000000E1
7.447605962E1,9.375000000E1
7.451872629E1,9.375000000E1
7.456139296E1,9.375000000E1
7.460405962E1,9.375000000E1
7.464672629E1,2.343750000E1
7.468939296E1,9.375000000E1
7.473205962E1,9.375000000E1
7.477472629E1,9.375000000E1
7.481739296E1,9.375000000E1
7.486005962E1,2.343750000E1
7.490272629E1,9.375000000E1
7.494539296E1,9.375000000E1
7.498805962E1,9.375000000E1
7.503072629E1,9.375000000E1
7.507339296E1,9.375000000E1
7.511605962E1,9.375000000E1
7.515872629E1,9.375000000E1
7.520139296E1,9.375000000E1
7.524405962E1,9.375000000E1
7.528672629E1,9.375000000E1
7.532939296E1,9.375000000E1
7.537205962E1,9.375000000E1
7.541472629E1,9.375000000E1
7.545739296E1,2.343750000E1
7.550005962E1,9.375000000E1
7.554272629E1,9.375000000E1
7.558539296E1,9.375000000E1
7.562805962E1,1.171875000E2
7.567072629E1,2.343750000E1
7.571339296E1,9.375000000E1
7.575605962E1,9.375000000E1
7.579872629E1,9.375000000E1
7.584139296E1,9.375000000E1
7.588405962E1,9.375000000E1
7.592672629E1,9.375000000E1
7.596939296E1,9.375000000E1
7.601205962E1,9.375000000E1
7.605472629E1,9.375000000E1
7.609739296E1,9.375000000E1
7.614005962E1,9.375000000E1
7.618272629E1,9.375000000E1
7.622539296E1,9.375000000E1
7.626805962E1,9.375000000E1
7.631072629E1,9.375000000E1
7.635339296E1,9.375000000E1
7.639605962E1,1.171875000E2
7.643872629E1,9.375000000E1
7.648139296E1,9.375000000E1
7.652405962E1,9.375000000E1
7.656672629E1,9.375000000E1
7.660939296E1,9.375000000E1
7.665205962E1,9.375000000E1
7.669472629E1,9.375000000E1
7.673739296E1,9.375000000E1
7.678005962E1,1.171875000E2
7.682272629E1,9.375000000E1
7.686539296E1,9.375000000E1
7.690805962E1,9.375000000E1
7.695072629E1,7.031250000E1
7.699339296E1,9.375000000E1
7.703605962E1,9.375000000E1
7.707872629E1,9.375000000E1
7.712139296E1,9.375000000E1
7.716405962E1,9.375000000E1
7.720672629E1,9.375000000E1
7.724939296E1,9.375000000E1
7.729205962E1,9.375000000E1
7.733472629E1,1.171875000E2
7.737739296E1,9.375000000E1
7.742005962E1,9.375000000E1
7.746272629E1,9.375000000E1
7.750539296E1,9.375000000E1
7.754805962E1,9.375000000E1
7.759072629E1,1.171875000E2
7.763339296E1,9.375000000E1
7.767605962E1,9.375000000E1
7.771872629E1,9.375000000E1
7.776139296E1,9.375000000E1
7.780405962E1,9.375000000E1
7.784672629E1,9.375000000E1
7.788939296E1,9.375000000E1
7.793205962E1,9.375000000E1
7.797472629E1,9.375000000E1
7.801739296E1,9.375000000E1
7.806005962E1,9.375000000E1
7.810272629E1,9.375000000E1
7.814539296E1,9.375000000E1
7.818805962E1,9.375000000E1
7.823072629E1,2.343750000E1
7.827339296E1,1.171875000E2
7.831605962E1,9.375000000E1
7.835872629E1,9.375000000E1
7.840139296E1,9.375000000E1
7.844405962E1,9.375000000E1
7.848672629E1,7.031250000E1
7.852939296E1,9.375000000E1
7.857205962E1,9.375000000E1
7.861472629E1,9.375000000E1
7.865739296E1,9.375000000E1
7.870005962E1,9.375000000E1
7.874272629E1,9.375000000E1
7.878539296E1,9.375000000E1
7.882805962E1,9.375000000E1
7.887072629E1,9.375000000E1
7.891339296E1,9.375000000E1
7.895605962E1,9.375000000E1
7.899872629E1,9.375000000E1
7.904139296E1,1.171875000E2
7.908405962E1,9.375000000E1
7.912672629E1,9.375000000E1
7.916939296E1,9.375000000E1
7.921205962E1,9.375000000E1
7.925472629E1,9.375000000E1
7.929739296E1,9.375000000E1
7.934005962E1,9.375000000E1
7.938272629E1,1.171875000E2
7.942539296E1,9.375000000E1
7.946805962E1,9.375000000E1
7.951072629E1,9.375000000E1
7.955339296E1,9.375000000E1
7.959605962E1,9.375000000E1
7.963872629E1,9.375000000E1
7.968139296E1,9.375000000E1
7.972405962E1,9.375000000E1
7.976672629E1,9.375000000E1
7.980939296E1,9.375000000E1
7.985205962E1,9.375000000E1
7.989472629E1,9.375000000E1
7.993739296E1,4.687500000E1
7.998005962E1,9.375000000E1
8.002272629E1,9.375000000E1
8.006539296E1,9.375000000E1
8.010805962E1,9.375000000E1
8.015072629E1,9.375000000E1
8.019339296E1,9.375000000E1
8.023605962E1,9.375000000E1
8.027872629E1,9.375000000E1
8.032139296E1,9.375000000E1
8.036405962E1,9.375000000E1
8.040672629E1,9.375000000E1
8.044939296E1,9.375000000E1
8.049205962E1,9.375000000E1
8.053472629E1,9.375000000E1
8.057739296E1,9.375000000E1
8.062005962E1,9.375000000E1
8.066272629E1,9.375000000E1
8.070539296E1,9.375000000E1
8.074805962E1,9.375000000E1
8.079072629E1,9.375000000E1
8.083339296E1,9.375000000E1
8.087605962E1,9.375000000E1
8.091872629E1,9.375000000E1
8.096139296E1,9.375000000E1
8.100405962E1,9.375000000E1
8.104672629E1,9.375000000E1
8.108939296E1,9.375000000E1
8.113205962E1,9.375000000E1
8.117472629E1,9.375000000E1
8.121739296E1,9.375000000E1
8.126005962E1,9.375000000E1
8.130272629E1,9.375000000E1
8.134539296E1,9.375000000E1
8.138805962E1,9.375000000E1
8.143072629E1,9.375000000E1
8.147339296E1,9.375000000E1
8.151605962E1,9.375000000E1
8.155872629E1,9.375000000E1
8.160139296E1,9.375000000E1
8.164405962E1,9.375000000E1
8.168672629E1,9.375000000E1
8.172939296E1,9.375000000E1
8.177205962E1,9.375000000E1
8.181472629E1,9.375000000E1
8.185739296E1,9.375000000E1
8.190005962E1,9.375000000E1
8.194272629E1,9.375000000E1
8.198539296E1,9.375000000E1
8.202805962E1,9.375000000E1
8.207072629E1,9.375000000E1
8.211339296E1,9.375000000E1
8.215605962E1,9.375000000E1
8.219872629E1,9.375000000E1
8.224139296E1,9.375000000E1
8.228405962E1,9.375000000E1
8.232672629E1,9.375000000E1
8.236939296E1,9.375000000E1
8.241205962E1,9.375000000E1
8.245472629E1,9.375000000E1
8.249739296E1,9.375000000E1
8.254005962E1,9.375000000E1
8.258272629E1,9.375000000E1
8.262539296E1,9.375000000E1
8.266805962E1,9.375000000E1
8.271072629E1,9.375000000E1
8.275339296E1,9.375000000E1
8.279605962E1,9.375000000E1
8.283872629E1,9.375000000E1
8.288139296E1,9.375000000E1
8.292405962E1,9.375000000E1
8.296672629E1,4.687500000E1
8.300939296E1,9.375000000E1
8.305205962E1,9.375000000E1
8.309472629E1,9.375000000E1
8.313739296E1,9.375000000E1
8.318005962E1,9.375000000E1
8.322272629E1,9.375000000E1
8.326539296E1,9.375000000E1
8.330805962E1,9.375000000E1
8.335072629E1,9.375000000E1
8.339339296E1,9.375000000E1
8.343605962E1,9.375000000E1
8.347872629E1,9.375000000E1
8.352139296E1,9.375000000E1
8.356405962E1,9.375000000E1
8.360672629E1,9.375000000E1
8.364939296E1,9.375000000E1
8.369205962E1,9.375000000E1
8.373472629E1,9.375000000E1
8.377739296E1,9.375000000E1
8.382005962E1,9.375000000E1
8.386272629E1,9.375000000E1
8.390539296E1,9.375000000E1
8.394805962E1,9.375000000E1
8.399072629E1,9.375000000E1
8.403339296E1,9.375000000E1
8.407605962E1,9.375000000E1
8.411872629E1,9.375000000E1
8.416139296E1,9.375000000E1
8.420405962E1,9.375000000E1
8.424672629E1,9.375000000E1
8.428939296E1,9.375000000E1
8.433205962E1,9.375000000E1
8.437472629E1,9.375000000E1
8.441739296E1,9.375000000E1
8.446005962E1,9.375000000E1
8.450272629E1,9.375000000E1
8.454539296E1,9.375000000E1
8.458805962E1,9.375000000E1
8.463072629E1,9.375000000E1
8.467339296E1,9.375000000E1
8.471605962E1,9.375000000E1
8.475872629E1,9.375000000E1
8.480139296E1,9.375000000E1
8.484405962E1,9.375000000E1
8.488672629E1,9.375000000E1
8.492939296E1,9.375000000E1
8.497205962E1,9.375000000E1
8.501472629E1,9.375000000E1
8.505739296E1,9.375000000E1
8.510005962E1,9.375000000E1
8.514272629E1,9.375000000E1
8.518539296E1,9.375000000E1
8.522805962E1,9.375000000E1
8.527072629E1,9.375000000E1
8.531339296E1,9.375000000E1
8.535605962E1,9.375000000E1
8.539872629E1,9.375000000E1
8.544139296E1,9.375000000E1
8.548405962E1,9.375000000E1
8.552672629E1,9.375000000E1
8.556939296E1,9.375000000E1
8.561205962E1,9.375000000E1
8.565472629E1,9.375000000E1
8.569739296E1,9.375000000E1
8.574005962E1,9.375000000E1