"Time (s)","Recording (a.u.)"
0.000000000E0,-1.451752963E-3
2.083333333E-5,-1.804674393E-3
4.166666667E-5,-2.072512172E-3
6.250000000E-5,-1.884451020E-3
8.333333333E-5,-2.029316267E-3
1.041666667E-4,-2.132572234E-3
1.250000000E-4,-2.284757094E-3
1.458333333E-4,-2.281654393E-3
1.666666667E-4,-1.867899788E-3
1.875000000E-4,-1.868481399E-3
2.083333333E-4,-2.016647952E-3
2.291666667E-4,-2.109293360E-3
2.500000000E-4,-2.107291715E-3
2.708333333E-4,-2.104012994E-3
2.916666667E-4,-2.251381287E-3
3.125000000E-4,-2.301875735E-3
3.333333333E-4,-2.168162260E-3
3.541666667E-4,-1.985173207E-3
3.750000000E-4,-2.159369877E-3
3.958333333E-4,-2.199444920E-3
4.166666667E-4,-2.093010582E-3
4.375000000E-4,-2.232002094E-3
4.583333333E-4,-2.346683759E-3
4.791666667E-4,-2.871980425E-3
5.000000000E-4,-3.728396725E-3
5.208333333E-4,-4.120317753E-3
5.416666667E-4,-4.328586627E-3
5.625000000E-4,-4.829409532E-3
5.833333333E-4,-5.103825592E-3
6.041666667E-4,-5.272022448E-3
6.250000000E-4,-5.552174523E-3
6.458333333E-4,-5.496049300E-3
6.666666667E-4,-5.409747362E-3
6.875000000E-4,-5.363837350E-3
7.083333333E-4,-5.160080735E-3
7.291666667E-4,-5.236751400E-3
7.500000000E-4,-5.487568676E-3
7.708333333E-4,-5.483929534E-3
7.916666667E-4,-5.587041844E-3
8.125000000E-4,-5.801185500E-3
8.333333333E-4,-5.992119201E-3
8.541666667E-4,-6.278512068E-3
8.750000000E-4,-6.323532201E-3
8.958333333E-4,-6.393502466E-3
9.166666667E-4,-6.634110119E-3
9.375000000E-4,-6.530157290E-3
9.583333333E-4,-6.192297675E-3
9.791666667E-4,-6.058273837E-3
1.000000000E-3,-6.175644230E-3
1.020833333E-3,-6.397132762E-3
1.041666667E-3,-6.467289291E-3
1.062500000E-3,-5.986910313E-3
1.083333333E-3,-5.189112853E-3
1.104166667E-3,-4.575812258E-3
1.125000000E-3,-4.546448588E-3
1.145833333E-3,-4.938759841E-3
1.166666667E-3,-5.039440002E-3
1.187500000E-3,-5.188704468E-3
1.208333333E-3,-5.156150553E-3
1.229166667E-3,-4.844178911E-3
1.250000000E-3,-5.183372647E-3
1.270833333E-3,-5.560256541E-3
1.291666667E-3,-5.398765672E-3
1.312500000E-3,-4.918327555E-3
1.333333333E-3,-4.341572989E-3
1.354166667E-3,-3.926140256E-3
1.375000000E-3,-3.709291341E-3
1.395833333E-3,-3.539557569E-3
1.416666667E-3,-3.212296870E-3
1.437500000E-3,-2.957228571E-3
1.458333333E-3,-2.525360556E-3
1.479166667E-3,-1.741215354E-3
1.500000000E-3,-9.308496374E-4
1.520833333E-3,-1.652409264E-4
1.541666667E-3,2.417977666E-4
1.562500000E-3,4.559512017E-4
1.583333333E-3,8.313813014E-4
1.604166667E-3,1.307945349E-3
1.625000000E-3,2.025437541E-3
1.645833333E-3,2.587400842E-3
1.666666667E-3,2.409872366E-3
1.687500000E-3,2.075766679E-3
1.708333333E-3,1.830896595E-3
1.729166667E-3,1.246274915E-3
1.750000000E-3,8.181253215E-4
1.770833333E-3,4.833018174E-4
1.791666667E-3,-4.583976261E-5
1.812500000E-3,-5.978007102E-4
1.833333333E-3,-1.432186924E-3
1.854166667E-3,-2.137442585E-3
1.875000000E-3,-2.749472857E-3
1.895833333E-3,-3.389373189E-3
1.916666667E-3,-3.704378847E-3
1.937500000E-3,-3.973072395E-3
1.958333333E-3,-4.142310470E-3
1.979166667E-3,-4.243815783E-3
2.000000000E-3,-4.105273169E-3
2.020833333E-3,-3.706437070E-3
2.041666667E-3,-3.463754430E-3
2.062500000E-3,-3.120940179E-3
2.083333333E-3,-2.998923883E-3
2.104166667E-3,-3.332815832E-3
2.125000000E-3,-3.722080961E-3
2.145833333E-3,-3.904419485E-3
2.166666667E-3,-3.929229453E-3
2.187500000E-3,-4.348209128E-3
2.208333333E-3,-4.902482033E-3
2.229166667E-3,-5.459270906E-3
2.250000000E-3,-6.303954870E-3
2.270833333E-3,-7.212608121E-3
2.291666667E-3,-8.102343418E-3
2.312500000E-3,-8.787623607E-3
2.333333333E-3,-9.458294138E-3
2.354166667E-3,-1.014841162E-2
2.375000000E-3,-1.045400277E-2
2.395833333E-3,-1.029391401E-2
2.416666667E-3,-9.998708963E-3
2.437500000E-3,-9.866709821E-3
2.458333333E-3,-9.401042014E-3
2.479166667E-3,-8.737129159E-3
2.500000000E-3,-8.434179239E-3
2.520833333E-3,-8.180914447E-3
2.541666667E-3,-7.678278722E-3
2.562500000E-3,-7.020319812E-3
2.583333333E-3,-6.398476660E-3
2.604166667E-3,-6.283530034E-3
2.625000000E-3,-6.506778765E-3
2.645833333E-3,-6.353898440E-3
2.666666667E-3,-6.548300385E-3
2.687500000E-3,-7.345531136E-3
2.708333333E-3,-8.315647952E-3
2.729166667E-3,-9.485237300E-3
2.750000000E-3,-1.035473496E-2
2.770833333E-3,-1.122587360E-2
2.791666667E-3,-1.208541915E-2
2.812500000E-3,-1.251443010E-2
2.833333333E-3,-1.275866479E-2
2.854166667E-3,-1.277733408E-2
2.875000000E-3,-1.261643134E-2
2.895833333E-3,-1.229988784E-2
2.916666667E-3,-1.213824749E-2
2.937500000E-3,-1.227288321E-2
2.958333333E-3,-1.233678497E-2
2.979166667E-3,-1.201414876E-2
3.000000000E-3,-1.144885272E-2
3.020833333E-3,-1.099976245E-2
3.041666667E-3,-1.036809757E-2
3.062500000E-3,-9.734088555E-3
3.083333333E-3,-9.191171266E-3
3.104166667E-3,-8.812002838E-3
3.125000000E-3,-8.682720363E-3
3.145833333E-3,-8.351622149E-3
3.166666667E-3,-8.242912591E-3
3.187500000E-3,-8.434969932E-3
3.208333333E-3,-8.926386014E-3
3.229166667E-3,-9.721456096E-3
3.250000000E-3,-1.047990751E-2
3.270833333E-3,-1.114487462E-2
3.291666667E-3,-1.156403217E-2
3.312500000E-3,-1.202449761E-2
3.333333333E-3,-1.228086650E-2
3.354166667E-3,-1.209181175E-2
3.375000000E-3,-1.155067515E-2
3.395833333E-3,-1.091912575E-2
3.416666667E-3,-1.052348781E-2
3.437500000E-3,-9.894497693E-3
3.458333333E-3,-9.073137306E-3
3.479166667E-3,-8.340792730E-3
3.500000000E-3,-7.960803807E-3
3.520833333E-3,-7.686691359E-3
3.541666667E-3,-7.126778364E-3
3.562500000E-3,-6.896015257E-3
3.583333333E-3,-6.844450720E-3
3.604166667E-3,-6.482869387E-3
3.625000000E-3,-5.852767732E-3
3.645833333E-3,-5.139955785E-3
3.666666667E-3,-5.099681672E-3
3.687500000E-3,-5.691305734E-3
3.708333333E-3,-6.096554920E-3
3.729166667E-3,-6.484380458E-3
3.750000000E-3,-6.770946085E-3
3.770833333E-3,-6.944803521E-3
3.791666667E-3,-7.379191928E-3
3.812500000E-3,-7.469709963E-3
3.833333333E-3,-7.418213412E-3
3.854166667E-3,-7.470031269E-3
3.875000000E-3,-7.391571999E-3
3.895833333E-3,-7.424662821E-3
3.916666667E-3,-7.187663577E-3
3.937500000E-3,-6.658845115E-3
3.958333333E-3,-5.684982985E-3
3.979166667E-3,-4.369432572E-3
4.000000000E-3,-3.288783599E-3
4.020833333E-3,-2.319995314E-3
4.041666667E-3,-1.827412751E-3
4.062500000E-3,-1.519044046E-3
4.083333333E-3,-1.056018402E-3
4.104166667E-3,-8.903605631E-4
4.125000000E-3,-1.047068508E-3
4.145833333E-3,-1.379938913E-3
4.166666667E-3,-1.527457847E-3
4.187500000E-3,-1.445391681E-3
4.208333333E-3,-1.004543621E-3
4.229166667E-3,-3.328592575E-4
4.250000000E-3,-7.649653708E-5
4.270833333E-3,-1.610921172E-4
4.291666667E-3,-5.788688431E-4
4.312500000E-3,-1.325671328E-3
4.333333333E-3,-2.018424682E-3
4.354166667E-3,-2.378914971E-3
4.375000000E-3,-2.349753864E-3
4.395833333E-3,-2.194128931E-3
4.416666667E-3,-2.034431789E-3
4.437500000E-3,-1.590289408E-3
4.458333333E-3,-6.330675678E-4
4.479166667E-3,4.845984513E-4
4.500000000E-3,1.121080131E-3
4.520833333E-3,9.749344899E-4
4.541666667E-3,8.645162452E-4
4.562500000E-3,1.205041073E-3
4.583333333E-3,1.477488317E-3
4.604166667E-3,1.976351021E-3
4.625000000E-3,2.597462619E-3
4.645833333E-3,3.084323369E-3
4.666666667E-3,3.276123200E-3
4.687500000E-3,3.256222699E-3
4.708333333E-3,3.580812365E-3
4.729166667E-3,3.409115132E-3
4.750000000E-3,3.001789795E-3
4.770833333E-3,2.861345420E-3
4.791666667E-3,2.099962905E-3
4.812500000E-3,1.707730349E-3
4.833333333E-3,1.836368931E-3
4.854166667E-3,1.720871311E-3
4.875000000E-3,1.930105966E-3
4.895833333E-3,2.297109691E-3
4.916666667E-3,2.594924532E-3
4.937500000E-3,3.127354896E-3
4.958333333E-3,3.943856806E-3
4.979166667E-3,4.423996434E-3
5.000000000E-3,4.797818605E-3
5.020833333E-3,5.371413194E-3
5.041666667E-3,5.491055548E-3
5.062500000E-3,5.979386624E-3
5.083333333E-3,6.950359792E-3
5.104166667E-3,7.649402134E-3
5.125000000E-3,8.133451454E-3
5.145833333E-3,8.529256098E-3
5.166666667E-3,9.047613479E-3
5.187500000E-3,9.430229664E-3
5.208333333E-3,9.677581489E-3
5.229166667E-3,9.745378979E-3
5.250000000E-3,9.600558318E-3
5.270833333E-3,9.688994847E-3
5.291666667E-3,1.002746355E-2
5.312500000E-3,1.039986312E-2
5.333333333E-3,1.076631714E-2
5.354166667E-3,1.151808351E-2
5.375000000E-3,1.244632248E-2
5.395833333E-3,1.315692626E-2
5.416666667E-3,1.400699839E-2
5.437500000E-3,1.473019365E-2
5.458333333E-3,1.523409225E-2
5.479166667E-3,1.618859544E-2
5.500000000E-3,1.726796478E-2
5.520833333E-3,1.787123643E-2
5.541666667E-3,1.849882677E-2
5.562500000E-3,1.931818388E-2
5.583333333E-3,2.021492645E-2
5.604166667E-3,2.138710953E-2
5.625000000E-3,2.236570045E-2
5.645833333E-3,2.296762913E-2
5.666666667E-3,2.351957932E-2
5.687500000E-3,2.432137728E-2
5.708333333E-3,2.528644353E-2
5.729166667E-3,2.600672096E-2
5.750000000E-3,2.677209303E-2
5.770833333E-3,2.742068656E-2
5.791666667E-3,2.773238905E-2
5.812500000E-3,2.800910547E-2
5.833333333E-3,2.812164277E-2
5.854166667E-3,2.831380256E-2
5.875000000E-3,2.891637012E-2
5.895833333E-3,3.001742065E-2
5.916666667E-3,3.123893403E-2
5.937500000E-3,3.200065345E-2
5.958333333E-3,3.274061158E-2
5.979166667E-3,3.337790817E-2
6.000000000E-3,3.356878087E-2
6.020833333E-3,3.417079896E-2
6.041666667E-3,3.526527062E-2
6.062500000E-3,3.593663871E-2
6.083333333E-3,3.651431948E-2
6.104166667E-3,3.751121834E-2
6.125000000E-3,3.841409087E-2
6.145833333E-3,3.944680840E-2
6.166666667E-3,4.035450891E-2
6.187500000E-3,4.058004171E-2
6.208333333E-3,4.077223316E-2
6.229166667E-3,4.103202745E-2
6.250000000E-3,4.141879827E-2
6.270833333E-3,4.211521149E-2
6.291666667E-3,4.279918224E-2
6.312500000E-3,4.325937480E-2
6.333333333E-3,4.363576323E-2
6.354166667E-3,4.436453432E-2
6.375000000E-3,4.519525170E-2
6.395833333E-3,4.570149630E-2
6.416666667E-3,4.600418359E-2
6.437500000E-3,4.615021124E-2
6.458333333E-3,4.611993954E-2
6.479166667E-3,4.602728784E-2
6.500000000E-3,4.622536898E-2
6.520833333E-3,4.650668055E-2
6.541666667E-3,4.661288112E-2
6.562500000E-3,4.699445143E-2
6.583333333E-3,4.751632363E-2
6.604166667E-3,4.786798358E-2
6.625000000E-3,4.822218046E-2
6.645833333E-3,4.850438610E-2
6.666666667E-3,4.863473028E-2
6.687500000E-3,4.865285382E-2
6.708333333E-3,4.855573550E-2
6.729166667E-3,4.855705798E-2
6.750000000E-3,4.861463606E-2
6.770833333E-3,4.885175824E-2
6.791666667E-3,4.925599322E-2
6.812500000E-3,4.940479249E-2
6.833333333E-3,4.979284853E-2
6.854166667E-3,5.026621744E-2
6.875000000E-3,5.045413971E-2
6.895833333E-3,5.068967864E-2
6.916666667E-3,5.060828477E-2
6.937500000E-3,5.035729334E-2
6.958333333E-3,5.021195114E-2
6.979166667E-3,5.006535351E-2
7.000000000E-3,5.037123710E-2
7.020833333E-3,5.115251616E-2
7.041666667E-3,5.183972046E-2
7.062500000E-3,5.236542225E-2
7.083333333E-3,5.285880715E-2
7.104166667E-3,5.319415033E-2
7.125000000E-3,5.348949507E-2
7.145833333E-3,5.386854708E-2
7.166666667E-3,5.415374041E-2
7.187500000E-3,5.434546620E-2
7.208333333E-3,5.474106967E-2
7.229166667E-3,5.516147614E-2
7.250000000E-3,5.532508343E-2
7.270833333E-3,5.516970158E-2
7.291666667E-3,5.479624867E-2
7.312500000E-3,5.461250246E-2
7.333333333E-3,5.446489900E-2
7.354166667E-3,5.434355885E-2
7.375000000E-3,5.432837456E-2
7.395833333E-3,5.415869132E-2
7.416666667E-3,5.399759114E-2
7.437500000E-3,5.397073925E-2
7.458333333E-3,5.404452980E-2
7.479166667E-3,5.387682095E-2
7.500000000E-3,5.327024311E-2
7.520833333E-3,5.294692516E-2
7.541666667E-3,5.298138037E-2
7.562500000E-3,5.286555737E-2
7.583333333E-3,5.304178596E-2
7.604166667E-3,5.345864594E-2
7.625000000E-3,5.375059694E-2
7.645833333E-3,5.373064429E-2
7.666666667E-3,5.323041230E-2
7.687500000E-3,5.287718028E-2
7.708333333E-3,5.286369473E-2
7.729166667E-3,5.305840075E-2
7.750000000E-3,5.319826305E-2
7.770833333E-3,5.330460519E-2
7.791666667E-3,5.365276337E-2
7.812500000E-3,5.368881300E-2
7.833333333E-3,5.369484797E-2
7.854166667E-3,5.386670679E-2
7.875000000E-3,5.397246033E-2
7.895833333E-3,5.414701253E-2
7.916666667E-3,5.382512510E-2
7.937500000E-3,5.327131227E-2
7.958333333E-3,5.299162120E-2
7.979166667E-3,5.309788883E-2
8.000000000E-3,5.410627276E-2
8.020833333E-3,5.534057319E-2
8.041666667E-3,5.590842664E-2
8.062500000E-3,5.629425123E-2
8.083333333E-3,5.685000867E-2
8.104166667E-3,5.739706010E-2
8.125000000E-3,5.785183609E-2
8.145833333E-3,5.755541474E-2
8.166666667E-3,5.662348866E-2
8.187500000E-3,5.599794537E-2
8.208333333E-3,5.567035824E-2
8.229166667E-3,5.555631593E-2
8.250000000E-3,5.533489585E-2
8.270833333E-3,5.477508903E-2
8.291666667E-3,5.415573344E-2
8.312500000E-3,5.324749276E-2
8.333333333E-3,5.210658908E-2
8.354166667E-3,5.136771873E-2
8.375000000E-3,5.079443753E-2
8.395833333E-3,4.976787791E-2
8.416666667E-3,4.904130846E-2
8.437500000E-3,4.870939255E-2
8.458333333E-3,4.804248363E-2
8.479166667E-3,4.794605821E-2
8.500000000E-3,4.854828492E-2
8.520833333E-3,4.913780838E-2
8.541666667E-3,4.989947379E-2
8.562500000E-3,5.036856979E-2
8.583333333E-3,5.038962141E-2
8.604166667E-3,5.051630735E-2
8.625000000E-3,5.037712678E-2
8.645833333E-3,4.934080690E-2
8.666666667E-3,4.818397388E-2
8.687500000E-3,4.749351367E-2
8.708333333E-3,4.667568952E-2
8.729166667E-3,4.590474814E-2
8.750000000E-3,4.514584690E-2
8.770833333E-3,4.433877021E-2
8.791666667E-3,4.368405417E-2
8.812500000E-3,4.305588827E-2
8.833333333E-3,4.238614067E-2
8.854166667E-3,4.140928760E-2
8.875000000E-3,4.104567319E-2
8.895833333E-3,4.148428142E-2
8.916666667E-3,4.175290838E-2
8.937500000E-3,4.221047089E-2
8.958333333E-3,4.286512733E-2
8.979166667E-3,4.339352250E-2
9.000000000E-3,4.415227473E-2
9.020833333E-3,4.512609914E-2
9.041666667E-3,4.616434127E-2
9.062500000E-3,4.723639041E-2
9.083333333E-3,4.768566787E-2
9.104166667E-3,4.755481705E-2
9.125000000E-3,4.741254821E-2
9.145833333E-3,4.675165564E-2
9.166666667E-3,4.566720873E-2
9.187500000E-3,4.492778704E-2
9.208333333E-3,4.442107677E-2
9.229166667E-3,4.336228967E-2
9.250000000E-3,4.175846279E-2
9.270833333E-3,4.048215598E-2
9.291666667E-3,3.962737322E-2
9.312500000E-3,3.911208361E-2
9.333333333E-3,3.910825774E-2
9.354166667E-3,3.921400756E-2
9.375000000E-3,3.905816749E-2
9.395833333E-3,3.876345232E-2
9.416666667E-3,3.861654922E-2
9.437500000E-3,3.903439641E-2
9.458333333E-3,3.972189873E-2
9.479166667E-3,4.037882015E-2
9.500000000E-3,4.107980803E-2
9.520833333E-3,4.083571211E-2
9.541666667E-3,4.034418240E-2
9.562500000E-3,4.083108157E-2
9.583333333E-3,4.097826779E-2
9.604166667E-3,4.062171653E-2
9.625000000E-3,3.998995945E-2
9.645833333E-3,3.859970346E-2
9.666666667E-3,3.689463809E-2
9.687500000E-3,3.548580408E-2
9.708333333E-3,3.462988138E-2
9.729166667E-3,3.354477882E-2
9.750000000E-3,3.242391348E-2
9.770833333E-3,3.227802366E-2
9.791666667E-3,3.212683275E-2
9.812500000E-3,3.146726638E-2
9.833333333E-3,3.192225844E-2
9.854166667E-3,3.264426440E-2
9.875000000E-3,3.263927996E-2
9.895833333E-3,3.302017227E-2
9.916666667E-3,3.335653991E-2
9.937500000E-3,3.384080529E-2
9.958333333E-3,3.447334841E-2
9.979166667E-3,3.485905752E-2
1.000000000E-2,3.537405655E-2
1.002083333E-2,3.598922491E-2
1.004166667E-2,3.669744730E-2
1.006250000E-2,3.689214960E-2
1.008333333E-2,3.658773005E-2
1.010416667E-2,3.606569022E-2
1.012500000E-2,3.558929265E-2
1.014583333E-2,3.495531157E-2
1.016666667E-2,3.360283002E-2
1.018750000E-2,3.249131888E-2
1.020833333E-2,3.160674870E-2
1.022916667E-2,3.088864125E-2
1.025000000E-2,3.016516566E-2
1.027083333E-2,2.891987190E-2
1.029166667E-2,2.815448493E-2
1.031250000E-2,2.750012092E-2
1.033333333E-2,2.677998319E-2
1.035416667E-2,2.650022134E-2
1.037500000E-2,2.650092915E-2
1.039583333E-2,2.689792216E-2
1.041666667E-2,2.692284808E-2
1.043750000E-2,2.674238570E-2
1.045833333E-2,2.701764926E-2
1.047916667E-2,2.731266245E-2
1.050000000E-2,2.711954527E-2
1.052083333E-2,2.657257393E-2
1.054166667E-2,2.624665201E-2
1.056250000E-2,2.553546429E-2
1.058333333E-2,2.470022812E-2
1.060416667E-2,2.418658324E-2
1.062500000E-2,2.336068451E-2
1.064583333E-2,2.225467190E-2
1.066666667E-2,2.112806961E-2
1.068750000E-2,2.006771974E-2
1.070833333E-2,1.860969700E-2
1.072916667E-2,1.695891842E-2
1.075000000E-2,1.526622195E-2
1.077083333E-2,1.387752965E-2
1.079166667E-2,1.318132132E-2
1.081250000E-2,1.255772915E-2
1.083333333E-2,1.216595434E-2
1.085416667E-2,1.164665073E-2
1.087500000E-2,1.096668188E-2
1.089583333E-2,1.061622985E-2
1.091666667E-2,1.041112281E-2
1.093750000E-2,1.033073850E-2
1.095833333E-2,1.037204266E-2
1.097916667E-2,1.040832698E-2
1.100000000E-2,1.014832966E-2
1.102083333E-2,9.781131521E-3
1.104166667E-2,9.135343134E-3
1.106250000E-2,8.149510249E-3
1.108333333E-2,7.113608997E-3
1.110416667E-2,6.025769748E-3
1.112500000E-2,4.940216430E-3
1.114583333E-2,3.866580315E-3
1.116666667E-2,3.087913617E-3
1.118750000E-2,2.072594594E-3
1.120833333E-2,6.742122350E-4
1.122916667E-2,-7.792711258E-4
1.125000000E-2,-2.409031615E-3
1.127083333E-2,-3.711000085E-3
1.129166667E-2,-4.892154597E-3
1.131250000E-2,-5.820006132E-3
1.133333333E-2,-6.099776831E-3
1.135416667E-2,-6.261451170E-3
1.137500000E-2,-6.313093938E-3
1.139583333E-2,-6.369412877E-3
1.141666667E-2,-6.781238131E-3
1.143750000E-2,-7.279340178E-3
1.145833333E-2,-7.487877272E-3
1.147916667E-2,-7.947439328E-3
1.150000000E-2,-8.380962536E-3
1.152083333E-2,-8.461271413E-3
1.154166667E-2,-9.568938054E-3
1.156250000E-2,-1.093246508E-2
1.158333333E-2,-1.161193848E-2
1.160416667E-2,-1.236044057E-2
1.162500000E-2,-1.226713415E-2
1.164583333E-2,-1.166153792E-2
1.166666667E-2,-1.196541358E-2
1.168750000E-2,-1.205926202E-2
1.170833333E-2,-1.175657660E-2
1.172916667E-2,-1.142510399E-2
1.175000000E-2,-9.996253997E-3
1.177083333E-2,-8.517817594E-3
1.179166667E-2,-8.076703176E-3
1.181250000E-2,-7.839776576E-3
1.183333333E-2,-7.450235076E-3
1.185416667E-2,-6.761122495E-3
1.187500000E-2,-5.823160987E-3
1.189583333E-2,-5.365897901E-3
1.191666667E-2,-6.006690674E-3
1.193750000E-2,-6.868595257E-3
1.195833333E-2,-6.947525777E-3
1.197916667E-2,-6.812427659E-3
1.200000000E-2,-6.980708800E-3
1.202083333E-2,-7.816656493E-3
1.204166667E-2,-8.991621435E-3
1.206250000E-2,-9.401073679E-3
1.208333333E-2,-9.519794025E-3
1.210416667E-2,-9.714291431E-3
1.212500000E-2,-9.687926620E-3
1.214583333E-2,-9.829547256E-3
1.216666667E-2,-9.618064389E-3
1.218750000E-2,-8.960155770E-3
1.220833333E-2,-8.182647638E-3
1.222916667E-2,-6.833399646E-3
1.225000000E-2,-5.600656848E-3
1.227083333E-2,-4.654187243E-3
1.229166667E-2,-3.418297973E-3
1.231250000E-2,-2.855248516E-3
1.233333333E-2,-3.430112964E-3
1.235416667E-2,-3.804737702E-3
1.237500000E-2,-3.524237778E-3
1.239583333E-2,-3.604209749E-3
1.241666667E-2,-4.319490865E-3
1.243750000E-2,-5.355404690E-3
1.245833333E-2,-6.419610698E-3
1.247916667E-2,-7.346116006E-3
1.250000000E-2,-8.383250795E-3
1.252083333E-2,-9.442779236E-3
1.254166667E-2,-1.025253441E-2
1.256250000E-2,-1.090500876E-2
1.258333333E-2,-1.147449017E-2
1.260416667E-2,-1.162952837E-2
1.262500000E-2,-1.155954786E-2
1.264583333E-2,-1.140543073E-2
1.266666667E-2,-1.049588248E-2
1.268750000E-2,-9.206170216E-3
1.270833333E-2,-7.759891916E-3
1.272916667E-2,-6.431210786E-3
1.275000000E-2,-6.143974140E-3
1.277083333E-2,-5.885545164E-3
1.279166667E-2,-5.404035561E-3
1.281250000E-2,-5.327435676E-3
1.283333333E-2,-5.186746828E-3
1.285416667E-2,-5.946693942E-3
1.287500000E-2,-7.842808031E-3
1.289583333E-2,-9.616105817E-3
1.291666667E-2,-1.150132157E-2
1.293750000E-2,-1.338358037E-2
1.295833333E-2,-1.460942253E-2
1.297916667E-2,-1.601532474E-2
1.300000000E-2,-1.766836271E-2
1.302083333E-2,-1.879212074E-2
1.304166667E-2,-1.989743300E-2
1.306250000E-2,-2.098005451E-2
1.308333333E-2,-2.162443846E-2
1.310416667E-2,-2.200469747E-2
1.312500000E-2,-2.214840613E-2
1.314583333E-2,-2.217529714E-2
1.316666667E-2,-2.198326215E-2
1.318750000E-2,-2.140598372E-2
1.320833333E-2,-2.029361390E-2
1.322916667E-2,-1.906894892E-2
1.325000000E-2,-1.845347881E-2
1.327083333E-2,-1.859186217E-2
1.329166667E-2,-1.917518675E-2
1.331250000E-2,-1.974259131E-2
1.333333333E-2,-2.059009857E-2
1.335416667E-2,-2.193111181E-2
1.337500000E-2,-2.354773507E-2
1.339583333E-2,-2.499985695E-2
1.341666667E-2,-2.609314770E-2
1.343750000E-2,-2.689374238E-2
1.345833333E-2,-2.756489255E-2
1.347916667E-2,-2.908113599E-2
1.350000000E-2,-3.103163838E-2
1.352083333E-2,-3.228881955E-2
1.354166667E-2,-3.300331905E-2
1.356250000E-2,-3.339915350E-2
1.358333333E-2,-3.382030502E-2
1.360416667E-2,-3.468137607E-2
1.362500000E-2,-3.501589224E-2
1.364583333E-2,-3.400824964E-2
1.366666667E-2,-3.279679269E-2
1.368750000E-2,-3.143351525E-2
1.370833333E-2,-2.994192392E-2
1.372916667E-2,-2.932126261E-2
1.375000000E-2,-2.877006307E-2
1.377083333E-2,-2.817060798E-2
1.379166667E-2,-2.818874270E-2
1.381250000E-2,-2.833983861E-2
1.383333333E-2,-2.840144001E-2
1.385416667E-2,-2.895315364E-2
1.387500000E-2,-3.033906594E-2
1.389583333E-2,-3.184031695E-2
1.391666667E-2,-3.293689340E-2
1.393750000E-2,-3.377082199E-2
1.395833333E-2,-3.458691388E-2
1.397916667E-2,-3.571454436E-2
1.400000000E-2,-3.691635281E-2
1.402083333E-2,-3.785147518E-2
1.404166667E-2,-3.818486631E-2
1.406250000E-2,-3.769822419E-2
1.408333333E-2,-3.717218339E-2
1.410416667E-2,-3.674145043E-2
1.412500000E-2,-3.597133607E-2
1.414583333E-2,-3.488884866E-2
1.416666667E-2,-3.360380605E-2
1.418750000E-2,-3.264363110E-2
1.420833333E-2,-3.217290714E-2
1.422916667E-2,-3.186050057E-2
1.425000000E-2,-3.117695823E-2
1.427083333E-2,-3.030820936E-2
1.429166667E-2,-2.967732586E-2
1.431250000E-2,-2.911099419E-2
1.433333333E-2,-2.904708870E-2
1.435416667E-2,-2.920660004E-2
1.437500000E-2,-2.950656414E-2
1.439583333E-2,-3.036762029E-2
1.441666667E-2,-3.113453835E-2
1.443750000E-2,-3.169119731E-2
1.445833333E-2,-3.227674216E-2
1.447916667E-2,-3.287110478E-2
1.450000000E-2,-3.328555822E-2
1.452083333E-2,-3.360237181E-2
1.454166667E-2,-3.381341696E-2
1.456250000E-2,-3.358411044E-2
1.458333333E-2,-3.339528665E-2
1.460416667E-2,-3.319703043E-2
1.462500000E-2,-3.253347427E-2
1.464583333E-2,-3.164622933E-2
1.466666667E-2,-3.071739525E-2
1.468750000E-2,-2.990741655E-2
1.470833333E-2,-2.949715033E-2
1.472916667E-2,-2.892880887E-2
1.475000000E-2,-2.799713612E-2
1.477083333E-2,-2.721774951E-2
1.479166667E-2,-2.615769021E-2
1.481250000E-2,-2.571056411E-2
1.483333333E-2,-2.612098865E-2
1.485416667E-2,-2.595302835E-2
1.487500000E-2,-2.565589547E-2
1.489583333E-2,-2.533927932E-2
1.491666667E-2,-2.494485304E-2
1.493750000E-2,-2.527187020E-2
1.495833333E-2,-2.596823499E-2
1.497916667E-2,-2.664452046E-2
1.500000000E-2,-2.760177106E-2
1.502083333E-2,-2.821372449E-2
1.504166667E-2,-2.809166536E-2
1.506250000E-2,-2.792834491E-2
1.508333333E-2,-2.781776711E-2
1.510416667E-2,-2.777155861E-2
1.512500000E-2,-2.758956701E-2
1.514583333E-2,-2.722668648E-2
1.516666667E-2,-2.700906619E-2
1.518750000E-2,-2.660243586E-2
1.520833333E-2,-2.594587579E-2
1.522916667E-2,-2.539655752E-2
1.525000000E-2,-2.510464936E-2
1.527083333E-2,-2.464456111E-2
1.529166667E-2,-2.391204610E-2
1.531250000E-2,-2.327182703E-2
1.533333333E-2,-2.267212234E-2
1.535416667E-2,-2.215754986E-2
1.537500000E-2,-2.188725211E-2
1.539583333E-2,-2.219958603E-2
1.541666667E-2,-2.278092504E-2
1.543750000E-2,-2.294912376E-2
1.545833333E-2,-2.318843454E-2
1.547916667E-2,-2.345996536E-2
1.550000000E-2,-2.322937921E-2
1.552083333E-2,-2.323069051E-2
1.554166667E-2,-2.372063510E-2
1.556250000E-2,-2.375098690E-2
1.558333333E-2,-2.326041460E-2
1.560416667E-2,-2.286158688E-2
1.562500000E-2,-2.234233543E-2
1.564583333E-2,-2.172828279E-2
1.566666667E-2,-2.158804424E-2
1.568750000E-2,-2.141599916E-2
1.570833333E-2,-2.075178176E-2
1.572916667E-2,-1.981524937E-2
1.575000000E-2,-1.877894439E-2
1.577083333E-2,-1.831004396E-2
1.579166667E-2,-1.826098189E-2
1.581250000E-2,-1.807023212E-2
1.583333333E-2,-1.770582236E-2
1.585416667E-2,-1.726745442E-2
1.587500000E-2,-1.699209586E-2
1.589583333E-2,-1.632495970E-2
1.591666667E-2,-1.520857308E-2
1.593750000E-2,-1.426076237E-2
1.595833333E-2,-1.344491821E-2
1.597916667E-2,-1.268111542E-2
1.600000000E-2,-1.193396375E-2
1.602083333E-2,-1.129237190E-2
1.604166667E-2,-1.089021564E-2
1.606250000E-2,-1.053484716E-2
1.608333333E-2,-1.000743266E-2
1.610416667E-2,-9.242922999E-3
1.612500000E-2,-8.740549907E-3
1.614583333E-2,-8.556322195E-3
1.616666667E-2,-8.186815307E-3
1.618750000E-2,-7.845325395E-3
1.620833333E-2,-7.035301998E-3
1.622916667E-2,-5.670294166E-3
1.625000000E-2,-4.515913315E-3
1.627083333E-2,-3.587127198E-3
1.629166667E-2,-3.027204424E-3
1.631250000E-2,-2.396938158E-3
1.633333333E-2,-1.414541970E-3
1.635416667E-2,-1.482298831E-4
1.637500000E-2,1.421048888E-3
1.639583333E-2,2.992474940E-3
1.641666667E-2,4.620772321E-3
1.643750000E-2,5.928816274E-3
1.645833333E-2,6.928150542E-3
1.647916667E-2,7.819156162E-3
1.650000000E-2,8.521132171E-3
1.652083333E-2,9.227653965E-3
1.654166667E-2,9.856157005E-3
1.656250000E-2,1.040866412E-2
1.658333333E-2,1.085100137E-2
1.660416667E-2,1.128762122E-2
1.662500000E-2,1.191421412E-2
1.664583333E-2,1.268780045E-2
1.666666667E-2,1.355293766E-2
1.668750000E-2,1.453182101E-2
1.670833333E-2,1.538776793E-2
1.672916667E-2,1.594979875E-2
1.675000000E-2,1.654339209E-2
1.677083333E-2,1.727282628E-2
1.679166667E-2,1.822704263E-2
1.681250000E-2,1.885586232E-2
1.683333333E-2,1.898810826E-2
1.685416667E-2,1.955490746E-2
1.687500000E-2,2.027045190E-2
1.689583333E-2,2.107099071E-2
1.691666667E-2,2.245433256E-2
1.693750000E-2,2.386783995E-2
1.695833333E-2,2.471350133E-2
1.697916667E-2,2.478482760E-2
1.700000000E-2,2.452670224E-2
1.702083333E-2,2.432526834E-2
1.704166667E-2,2.402948588E-2
1.706250000E-2,2.388880402E-2
1.708333333E-2,2.377108112E-2
1.710416667E-2,2.322320268E-2
1.712500000E-2,2.261025831E-2
1.714583333E-2,2.185173705E-2
1.716666667E-2,2.094796114E-2
1.718750000E-2,2.080944553E-2
1.720833333E-2,2.113379724E-2
1.722916667E-2,2.144181915E-2
1.725000000E-2,2.175442688E-2
1.727083333E-2,2.166967653E-2
1.729166667E-2,2.144017257E-2
1.731250000E-2,2.155859955E-2
1.733333333E-2,2.190085873E-2
1.735416667E-2,2.220330387E-2
1.737500000E-2,2.254892513E-2
1.739583333E-2,2.271880582E-2
1.741666667E-2,2.258927375E-2
1.743750000E-2,2.246746793E-2
1.745833333E-2,2.234128490E-2
1.747916667E-2,2.248244546E-2
1.750000000E-2,2.280385792E-2
1.752083333E-2,2.315552905E-2
1.754166667E-2,2.377892844E-2
1.756250000E-2,2.436678670E-2
1.758333333E-2,2.463344857E-2
1.760416667E-2,2.438408136E-2
1.762500000E-2,2.387977019E-2
1.764583333E-2,2.342088521E-2
1.766666667E-2,2.295733802E-2
1.768750000E-2,2.250934951E-2
1.770833333E-2,2.190017700E-2
1.772916667E-2,2.157639153E-2
1.775000000E-2,2.172254212E-2
1.777083333E-2,2.212338150E-2
1.779166667E-2,2.265650220E-2
1.781250000E-2,2.297736332E-2
1.783333333E-2,2.314924449E-2
1.785416667E-2,2.337387390E-2
1.787500000E-2,2.389981039E-2
1.789583333E-2,2.438675985E-2
1.791666667E-2,2.475870773E-2
1.793750000E-2,2.541875839E-2
1.795833333E-2,2.590063587E-2
1.797916667E-2,2.617859840E-2
1.800000000E-2,2.662535012E-2
1.802083333E-2,2.699891292E-2
1.804166667E-2,2.699435316E-2
1.806250000E-2,2.687736228E-2
1.808333333E-2,2.691594511E-2
1.810416667E-2,2.676619217E-2
1.812500000E-2,2.622256055E-2
1.814583333E-2,2.542640641E-2
1.816666667E-2,2.481210977E-2
1.818750000E-2,2.446132526E-2
1.820833333E-2,2.459094673E-2
1.822916667E-2,2.544354275E-2
1.825000000E-2,2.600921318E-2
1.827083333E-2,2.619514614E-2
1.829166667E-2,2.652025595E-2
1.831250000E-2,2.663256973E-2
1.833333333E-2,2.654743940E-2
1.835416667E-2,2.645857073E-2
1.837500000E-2,2.636385337E-2
1.839583333E-2,2.631031722E-2
1.841666667E-2,2.661315911E-2
1.843750000E-2,2.708482370E-2
1.845833333E-2,2.738428116E-2
1.847916667E-2,2.789172158E-2
1.850000000E-2,2.862694860E-2
1.852083333E-2,2.935720235E-2
1.854166667E-2,2.970116213E-2
1.856250000E-2,2.972586453E-2
1.858333333E-2,2.984467894E-2
1.860416667E-2,2.989437990E-2
1.862500000E-2,3.045694903E-2
1.864583333E-2,3.124326840E-2
1.866666667E-2,3.129398823E-2
1.868750000E-2,3.122712299E-2
1.870833333E-2,3.106252104E-2
1.872916667E-2,3.065538779E-2
1.875000000E-2,3.057074361E-2
1.877083333E-2,3.091550618E-2
1.879166667E-2,3.144294024E-2
1.881250000E-2,3.175990283E-2
1.883333333E-2,3.197398409E-2
1.885416667E-2,3.214840963E-2
1.887500000E-2,3.225085512E-2
1.889583333E-2,3.232185915E-2
1.891666667E-2,3.224381432E-2
1.893750000E-2,3.260602802E-2
1.895833333E-2,3.344412893E-2
1.897916667E-2,3.399518132E-2
1.900000000E-2,3.424334526E-2
1.902083333E-2,3.448764980E-2
1.904166667E-2,3.485628590E-2
1.906250000E-2,3.521093354E-2
1.908333333E-2,3.518345580E-2
1.910416667E-2,3.486554697E-2
1.912500000E-2,3.463479877E-2
1.914583333E-2,3.438551351E-2
1.916666667E-2,3.388091549E-2
1.918750000E-2,3.358053043E-2
1.920833333E-2,3.376430646E-2
1.922916667E-2,3.386897594E-2
1.925000000E-2,3.389767185E-2
1.927083333E-2,3.393404186E-2
1.929166667E-2,3.371486813E-2
1.931250000E-2,3.335537016E-2
1.933333333E-2,3.286756575E-2
1.935416667E-2,3.250429407E-2
1.937500000E-2,3.243091330E-2
1.939583333E-2,3.256823123E-2
1.941666667E-2,3.275667503E-2
1.943750000E-2,3.256794810E-2
1.945833333E-2,3.237687796E-2
1.947916667E-2,3.260310739E-2
1.950000000E-2,3.309529647E-2
1.952083333E-2,3.364277259E-2
1.954166667E-2,3.391227126E-2
1.956250000E-2,3.406167403E-2
1.958333333E-2,3.415556252E-2
1.960416667E-2,3.401119262E-2
1.962500000E-2,3.378168121E-2
1.964583333E-2,3.370872885E-2
1.966666667E-2,3.380103409E-2
1.968750000E-2,3.363147378E-2
1.970833333E-2,3.329841048E-2
1.972916667E-2,3.316672891E-2
1.975000000E-2,3.328960761E-2
1.977083333E-2,3.335808963E-2
1.979166667E-2,3.308741376E-2
1.981250000E-2,3.304071724E-2
1.983333333E-2,3.291082010E-2
1.985416667E-2,3.231307492E-2
1.987500000E-2,3.186801076E-2
1.989583333E-2,3.151345626E-2
1.991666667E-2,3.117929958E-2
1.993750000E-2,3.099358641E-2
1.995833333E-2,3.095970117E-2
1.997916667E-2,3.115433827E-2
2.000000000E-2,3.133193403E-2
2.002083333E-2,3.115808219E-2
2.004166667E-2,3.078180924E-2
2.006250000E-2,3.065443970E-2
2.008333333E-2,3.086866625E-2
2.010416667E-2,3.130326420E-2
2.012500000E-2,3.145977110E-2
2.014583333E-2,3.115441836E-2
2.016666667E-2,3.086102568E-2
2.018750000E-2,3.067113459E-2
2.020833333E-2,3.058896959E-2
2.022916667E-2,3.061228991E-2
2.025000000E-2,3.084725700E-2
2.027083333E-2,3.146564588E-2
2.029166667E-2,3.205494583E-2
2.031250000E-2,3.209696710E-2
2.033333333E-2,3.180136904E-2
2.035416667E-2,3.166886047E-2
2.037500000E-2,3.177522495E-2
2.039583333E-2,3.217390180E-2
2.041666667E-2,3.232165053E-2
2.043750000E-2,3.180696443E-2
2.045833333E-2,3.140851855E-2
2.047916667E-2,3.124093451E-2
2.050000000E-2,3.120962903E-2
2.052083333E-2,3.147580102E-2
2.054166667E-2,3.141773865E-2
2.056250000E-2,3.101910092E-2
2.058333333E-2,3.069626167E-2
2.060416667E-2,3.038651682E-2
2.062500000E-2,3.030956164E-2
2.064583333E-2,3.036078252E-2
2.066666667E-2,3.025495261E-2
2.068750000E-2,3.034801967E-2
2.070833333E-2,3.045380861E-2
2.072916667E-2,3.028684109E-2
2.075000000E-2,3.009813279E-2
2.077083333E-2,2.999622002E-2
2.079166667E-2,3.024082072E-2
2.081250000E-2,3.039937839E-2
2.083333333E-2,3.005234525E-2
2.085416667E-2,2.979641967E-2
2.087500000E-2,2.972031012E-2
2.089583333E-2,2.916496061E-2
2.091666667E-2,2.818986215E-2
2.093750000E-2,2.754539251E-2
2.095833333E-2,2.682710066E-2
2.097916667E-2,2.591159567E-2
2.100000000E-2,2.530890703E-2
2.102083333E-2,2.452495694E-2
2.104166667E-2,2.349547110E-2
2.106250000E-2,2.259956114E-2
2.108333333E-2,2.176483348E-2
2.110416667E-2,2.110336721E-2
2.112500000E-2,2.074191906E-2
2.114583333E-2,2.011913061E-2
2.116666667E-2,1.960171014E-2
2.118750000E-2,1.949965209E-2
2.120833333E-2,1.902727410E-2
2.122916667E-2,1.884609647E-2
2.125000000E-2,1.881811768E-2
2.127083333E-2,1.819833741E-2
2.129166667E-2,1.788276434E-2
2.131250000E-2,1.759476960E-2
2.133333333E-2,1.665957458E-2
2.135416667E-2,1.591024548E-2
2.137500000E-2,1.528195944E-2
2.139583333E-2,1.416305825E-2
2.141666667E-2,1.313780248E-2
2.143750000E-2,1.224832330E-2
2.145833333E-2,1.146163605E-2
2.147916667E-2,1.077753492E-2
2.150000000E-2,9.842926636E-3
2.152083333E-2,9.134192020E-3
2.154166667E-2,8.335304447E-3
2.156250000E-2,7.243362255E-3
2.158333333E-2,6.563518196E-3
2.160416667E-2,5.965713877E-3
2.162500000E-2,5.026844796E-3
2.164583333E-2,4.475130700E-3
2.166666667E-2,4.611988552E-3
2.168750000E-2,4.590976983E-3
2.170833333E-2,4.484961741E-3
2.172916667E-2,4.723044112E-3
2.175000000E-2,4.924414679E-3
2.177083333E-2,4.884597845E-3
2.179166667E-2,4.560360685E-3
2.181250000E-2,4.262776114E-3
2.183333333E-2,4.211164545E-3
2.185416667E-2,3.967829049E-3
2.187500000E-2,3.524092725E-3
2.189583333E-2,3.347899532E-3
2.191666667E-2,3.278883640E-3
2.193750000E-2,3.073283006E-3
2.195833333E-2,2.805388533E-3
2.197916667E-2,1.850342029E-3
2.200000000E-2,4.280721769E-4
2.202083333E-2,-2.763956436E-4
2.204166667E-2,-5.529817427E-4
2.206250000E-2,-1.058163121E-3
2.208333333E-2,-1.637602691E-3
2.210416667E-2,-2.099954989E-3
2.212500000E-2,-2.137512201E-3
2.214583333E-2,-1.957714558E-3
2.216666667E-2,-2.098565921E-3
2.218750000E-2,-1.998430118E-3
2.220833333E-2,-1.669780817E-3
2.222916667E-2,-1.470807241E-3
2.225000000E-2,-9.801827837E-4
2.227083333E-2,-5.546164466E-4
2.229166667E-2,-2.317143953E-4
2.231250000E-2,-5.034089554E-6
2.233333333E-2,-4.042993532E-5
2.235416667E-2,-1.212166026E-4
2.237500000E-2,-4.920370411E-4
2.239583333E-2,-9.601009660E-4
2.241666667E-2,-1.580199110E-3
2.243750000E-2,-2.636042889E-3
2.245833333E-2,-3.634247463E-3
2.247916667E-2,-4.149520770E-3
2.250000000E-2,-4.674514290E-3
2.252083333E-2,-5.650634877E-3
2.254166667E-2,-6.101973355E-3
2.256250000E-2,-6.069772877E-3
2.258333333E-2,-6.508473307E-3
2.260416667E-2,-6.970386952E-3
2.262500000E-2,-7.378106005E-3
2.264583333E-2,-7.881726138E-3
2.266666667E-2,-8.287481032E-3
2.268750000E-2,-8.685603738E-3
2.270833333E-2,-8.666219190E-3
2.272916667E-2,-8.368447423E-3
2.275000000E-2,-8.302053437E-3
2.277083333E-2,-8.130425587E-3
2.279166667E-2,-7.710690610E-3
2.281250000E-2,-7.732098922E-3
2.283333333E-2,-8.319804445E-3
2.285416667E-2,-8.731037378E-3
2.287500000E-2,-9.448643774E-3
2.289583333E-2,-1.069088373E-2
2.291666667E-2,-1.168756746E-2
2.293750000E-2,-1.253346540E-2
2.295833333E-2,-1.320473850E-2
2.297916667E-2,-1.361712627E-2
2.300000000E-2,-1.408039592E-2
2.302083333E-2,-1.487701293E-2
2.304166667E-2,-1.575167850E-2
2.306250000E-2,-1.631121710E-2
2.308333333E-2,-1.698417962E-2
2.310416667E-2,-1.791191474E-2
2.312500000E-2,-1.845155843E-2
2.314583333E-2,-1.814495400E-2
2.316666667E-2,-1.775008626E-2
2.318750000E-2,-1.771727577E-2
2.320833333E-2,-1.764881052E-2
2.322916667E-2,-1.804950647E-2
2.325000000E-2,-1.866447553E-2
2.327083333E-2,-1.891323924E-2
2.329166667E-2,-1.925634593E-2
2.331250000E-2,-1.955319569E-2
2.333333333E-2,-2.003423497E-2
2.335416667E-2,-2.116541378E-2
2.337500000E-2,-2.204273269E-2
2.339583333E-2,-2.243873663E-2
2.341666667E-2,-2.291654609E-2
2.343750000E-2,-2.336846478E-2
2.345833333E-2,-2.395628206E-2
2.347916667E-2,-2.473241277E-2
2.350000000E-2,-2.542248741E-2
2.352083333E-2,-2.602550015E-2
2.354166667E-2,-2.653813362E-2
2.356250000E-2,-2.742550895E-2
2.358333333E-2,-2.869027480E-2
2.360416667E-2,-2.935985290E-2
2.362500000E-2,-2.953087911E-2
2.364583333E-2,-3.002465889E-2
2.366666667E-2,-3.076703474E-2
2.368750000E-2,-3.120420128E-2
2.370833333E-2,-3.124361858E-2
2.372916667E-2,-3.128257021E-2
2.375000000E-2,-3.165688738E-2
2.377083333E-2,-3.219978139E-2
2.379166667E-2,-3.241234273E-2
2.381250000E-2,-3.238720074E-2
2.383333333E-2,-3.223810345E-2
2.385416667E-2,-3.189377487E-2
2.387500000E-2,-3.155976906E-2
2.389583333E-2,-3.066740185E-2
2.391666667E-2,-2.919581905E-2
2.393750000E-2,-2.774753235E-2
2.395833333E-2,-2.616866305E-2
2.397916667E-2,-2.537057549E-2
2.400000000E-2,-2.518909052E-2
2.402083333E-2,-2.449132130E-2
2.404166667E-2,-2.426261827E-2
2.406250000E-2,-2.421521395E-2
2.408333333E-2,-2.412731200E-2
2.410416667E-2,-2.536376007E-2
2.412500000E-2,-2.688637376E-2
2.414583333E-2,-2.770071849E-2
2.416666667E-2,-2.858403884E-2
2.418750000E-2,-2.904867381E-2
2.420833333E-2,-2.925188839E-2
2.422916667E-2,-3.026301041E-2
2.425000000E-2,-3.095808253E-2
2.427083333E-2,-3.114274144E-2
2.429166667E-2,-3.119947761E-2
2.431250000E-2,-3.059876710E-2
2.433333333E-2,-3.028714657E-2
2.435416667E-2,-3.005987778E-2
2.437500000E-2,-2.928512357E-2
2.439583333E-2,-2.844043821E-2
2.441666667E-2,-2.717297710E-2
2.443750000E-2,-2.530451119E-2
2.445833333E-2,-2.377869561E-2
2.447916667E-2,-2.308246307E-2
2.450000000E-2,-2.257142588E-2
2.452083333E-2,-2.297881432E-2
2.454166667E-2,-2.432136796E-2
2.456250000E-2,-2.519521303E-2
2.458333333E-2,-2.624095231E-2
2.460416667E-2,-2.760029212E-2
2.462500000E-2,-2.896180004E-2
2.464583333E-2,-3.092567995E-2
2.466666667E-2,-3.284382820E-2
2.468750000E-2,-3.431885317E-2
2.470833333E-2,-3.608074039E-2
2.472916667E-2,-3.758675978E-2
2.475000000E-2,-3.832945228E-2
2.477083333E-2,-3.897621483E-2
2.479166667E-2,-3.930102289E-2
2.481250000E-2,-3.986560926E-2
2.483333333E-2,-4.068917781E-2
2.485416667E-2,-4.015178978E-2
2.487500000E-2,-3.904512897E-2
2.489583333E-2,-3.797887266E-2
2.491666667E-2,-3.671758249E-2
2.493750000E-2,-3.620626032E-2
2.495833333E-2,-3.577654809E-2
2.497916667E-2,-3.473663330E-2
2.500000000E-2,-3.385647386E-2
2.502083333E-2,-3.346130252E-2
2.504166667E-2,-3.396850452E-2
2.506250000E-2,-3.552328050E-2
2.508333333E-2,-3.696224466E-2
2.510416667E-2,-3.839248419E-2
2.512500000E-2,-4.058941826E-2
2.514583333E-2,-4.238009825E-2
2.516666667E-2,-4.393932223E-2
2.518750000E-2,-4.600595310E-2
2.520833333E-2,-4.794396460E-2
2.522916667E-2,-4.984600842E-2
2.525000000E-2,-5.129774287E-2
2.527083333E-2,-5.174319074E-2
2.529166667E-2,-5.138804764E-2
2.531250000E-2,-5.097446591E-2
2.533333333E-2,-5.102271587E-2
2.535416667E-2,-5.071609467E-2
2.537500000E-2,-4.969535023E-2
2.539583333E-2,-4.803673178E-2
2.541666667E-2,-4.615439847E-2
2.543750000E-2,-4.483938590E-2
2.545833333E-2,-4.372602329E-2
2.547916667E-2,-4.252241179E-2
2.550000000E-2,-4.155471548E-2
2.552083333E-2,-4.074418545E-2
2.554166667E-2,-4.059570655E-2
2.556250000E-2,-4.147253931E-2
2.558333333E-2,-4.252191260E-2
2.560416667E-2,-4.370060936E-2
2.562500000E-2,-4.524379969E-2
2.564583333E-2,-4.700024426E-2
2.566666667E-2,-4.911347479E-2
2.568750000E-2,-5.111695081E-2
2.570833333E-2,-5.223284662E-2
2.572916667E-2,-5.242431164E-2
2.575000000E-2,-5.249506608E-2
2.577083333E-2,-5.259328336E-2
2.579166667E-2,-5.262146518E-2
2.581250000E-2,-5.261895806E-2
2.583333333E-2,-5.169579387E-2
2.585416667E-2,-5.018320307E-2
2.587500000E-2,-4.881292582E-2
2.589583333E-2,-4.720157385E-2
2.591666667E-2,-4.560913146E-2
2.593750000E-2,-4.389764741E-2
2.595833333E-2,-4.181833193E-2
2.597916667E-2,-4.016282037E-2
2.600000000E-2,-3.877895325E-2
2.602083333E-2,-3.758093715E-2
2.604166667E-2,-3.717079014E-2
2.606250000E-2,-3.697815910E-2
2.608333333E-2,-3.680329025E-2
2.610416667E-2,-3.661006689E-2
2.612500000E-2,-3.632402048E-2
2.614583333E-2,-3.667551279E-2
2.616666667E-2,-3.741522133E-2
2.618750000E-2,-3.796126321E-2
2.620833333E-2,-3.838346899E-2
2.622916667E-2,-3.866624832E-2
2.625000000E-2,-3.827248141E-2
2.627083333E-2,-3.727924451E-2
2.629166667E-2,-3.634593263E-2
2.631250000E-2,-3.539681435E-2
2.633333333E-2,-3.449805826E-2
2.635416667E-2,-3.325680271E-2
2.637500000E-2,-3.151036426E-2
2.639583333E-2,-3.002206236E-2
2.641666667E-2,-2.871376649E-2
2.643750000E-2,-2.741952986E-2
2.645833333E-2,-2.624682151E-2
2.647916667E-2,-2.513290569E-2
2.650000000E-2,-2.428321168E-2
2.652083333E-2,-2.381908894E-2
2.654166667E-2,-2.313434333E-2
2.656250000E-2,-2.227971703E-2
2.658333333E-2,-2.188228071E-2
2.660416667E-2,-2.157689631E-2
2.662500000E-2,-2.146916464E-2
2.664583333E-2,-2.158498019E-2
2.666666667E-2,-2.149444073E-2
2.668750000E-2,-2.137948386E-2
2.670833333E-2,-2.147055045E-2
2.672916667E-2,-2.175052464E-2
2.675000000E-2,-2.198423073E-2
2.677083333E-2,-2.238347381E-2
2.679166667E-2,-2.243289165E-2
2.681250000E-2,-2.177624404E-2
2.683333333E-2,-2.125175297E-2
2.685416667E-2,-2.057626285E-2
2.687500000E-2,-2.000045031E-2
2.689583333E-2,-2.009647526E-2
2.691666667E-2,-2.025792748E-2
2.693750000E-2,-2.023050189E-2
2.695833333E-2,-2.002043650E-2
2.697916667E-2,-1.978989318E-2
2.700000000E-2,-1.990505494E-2
2.702083333E-2,-2.022742108E-2
2.704166667E-2,-2.012707479E-2
2.706250000E-2,-2.001156658E-2
2.708333333E-2,-2.009300701E-2
2.710416667E-2,-1.964358613E-2
2.712500000E-2,-1.925286278E-2
2.714583333E-2,-1.949183270E-2
2.716666667E-2,-2.003621310E-2
2.718750000E-2,-2.056897432E-2
2.720833333E-2,-2.112893388E-2
2.722916667E-2,-2.162605152E-2
2.725000000E-2,-2.179471031E-2
2.727083333E-2,-2.221210301E-2
2.729166667E-2,-2.287403680E-2
2.731250000E-2,-2.342540212E-2
2.733333333E-2,-2.390111797E-2
2.735416667E-2,-2.416935191E-2
2.737500000E-2,-2.445690706E-2
2.739583333E-2,-2.482239529E-2
2.741666667E-2,-2.525424212E-2
2.743750000E-2,-2.550442889E-2
2.745833333E-2,-2.588451654E-2
2.747916667E-2,-2.674044669E-2
2.750000000E-2,-2.723783627E-2
2.752083333E-2,-2.772357501E-2
2.754166667E-2,-2.829695866E-2
2.756250000E-2,-2.842712589E-2
2.758333333E-2,-2.846927010E-2
2.760416667E-2,-2.833138406E-2
2.762500000E-2,-2.819519304E-2
2.764583333E-2,-2.814748138E-2
2.766666667E-2,-2.786385641E-2
2.768750000E-2,-2.736625634E-2
2.770833333E-2,-2.679548040E-2
2.772916667E-2,-2.649624646E-2
2.775000000E-2,-2.652995661E-2
2.777083333E-2,-2.691173181E-2
2.779166667E-2,-2.757503465E-2
2.781250000E-2,-2.826275863E-2
2.783333333E-2,-2.886026539E-2
2.785416667E-2,-2.931387350E-2
2.787500000E-2,-2.972583473E-2
2.789583333E-2,-2.987843752E-2
2.791666667E-2,-2.959435433E-2
2.793750000E-2,-2.965424210E-2
2.795833333E-2,-3.015163727E-2
2.797916667E-2,-3.030970506E-2
2.800000000E-2,-3.046288528E-2
2.802083333E-2,-3.034444340E-2
2.804166667E-2,-2.985297330E-2
2.806250000E-2,-2.977001294E-2
2.808333333E-2,-2.963680401E-2
2.810416667E-2,-2.940715849E-2
2.812500000E-2,-2.895346470E-2
2.814583333E-2,-2.801647782E-2
2.816666667E-2,-2.701686323E-2
2.818750000E-2,-2.618301660E-2
2.820833333E-2,-2.575609088E-2
2.822916667E-2,-2.535057068E-2
2.825000000E-2,-2.469766513E-2
2.827083333E-2,-2.406207845E-2
2.829166667E-2,-2.392429858E-2
2.831250000E-2,-2.416957542E-2
2.833333333E-2,-2.459900454E-2
2.835416667E-2,-2.537730336E-2
2.837500000E-2,-2.583329752E-2
2.839583333E-2,-2.626781724E-2
2.841666667E-2,-2.684639394E-2
2.843750000E-2,-2.695331164E-2
2.845833333E-2,-2.698481455E-2
2.847916667E-2,-2.713228017E-2
2.850000000E-2,-2.730409428E-2
2.852083333E-2,-2.723525651E-2
2.854166667E-2,-2.664603293E-2
2.856250000E-2,-2.568609454E-2
2.858333333E-2,-2.483121864E-2
2.860416667E-2,-2.430385724E-2
2.862500000E-2,-2.386868373E-2
2.864583333E-2,-2.338473871E-2
2.866666667E-2,-2.222260833E-2
2.868750000E-2,-2.063350193E-2
2.870833333E-2,-1.955812611E-2
2.872916667E-2,-1.870092936E-2
2.875000000E-2,-1.811114512E-2
2.877083333E-2,-1.811572351E-2
2.879166667E-2,-1.822846383E-2
2.881250000E-2,-1.807671785E-2
2.883333333E-2,-1.775655150E-2
2.885416667E-2,-1.730342582E-2
2.887500000E-2,-1.683896966E-2
2.889583333E-2,-1.667596400E-2
2.891666667E-2,-1.647982374E-2
2.893750000E-2,-1.605501585E-2
2.895833333E-2,-1.556958258E-2
2.897916667E-2,-1.524643973E-2
2.900000000E-2,-1.541864965E-2
2.902083333E-2,-1.558207069E-2
2.904166667E-2,-1.532775536E-2
2.906250000E-2,-1.480710320E-2
2.908333333E-2,-1.450376678E-2
2.910416667E-2,-1.433018036E-2
2.912500000E-2,-1.394453831E-2
2.914583333E-2,-1.397423819E-2
2.916666667E-2,-1.392669044E-2
2.918750000E-2,-1.356848702E-2
2.920833333E-2,-1.338269375E-2
2.922916667E-2,-1.323238667E-2
2.925000000E-2,-1.327013597E-2
2.927083333E-2,-1.303621382E-2
2.929166667E-2,-1.266278327E-2
2.931250000E-2,-1.252681389E-2
2.933333333E-2,-1.253870502E-2
2.935416667E-2,-1.276480127E-2
2.937500000E-2,-1.296771597E-2
2.939583333E-2,-1.318500750E-2
2.941666667E-2,-1.334031485E-2
2.943750000E-2,-1.371997409E-2
2.945833333E-2,-1.437065005E-2
2.947916667E-2,-1.510847546E-2
2.950000000E-2,-1.570098847E-2
2.952083333E-2,-1.565970480E-2
2.954166667E-2,-1.569627225E-2
2.956250000E-2,-1.542400289E-2
2.958333333E-2,-1.463279035E-2
2.960416667E-2,-1.462523639E-2
2.962500000E-2,-1.506996155E-2
2.964583333E-2,-1.545868348E-2
2.966666667E-2,-1.580644213E-2
2.968750000E-2,-1.590795815E-2
2.970833333E-2,-1.588922366E-2
2.972916667E-2,-1.581358723E-2
2.975000000E-2,-1.574792340E-2
2.977083333E-2,-1.582975686E-2
2.979166667E-2,-1.580747031E-2
2.981250000E-2,-1.549605094E-2
2.983333333E-2,-1.554582454E-2
2.985416667E-2,-1.585801877E-2
2.987500000E-2,-1.549429446E-2
2.989583333E-2,-1.490797196E-2
2.991666667E-2,-1.456576027E-2
2.993750000E-2,-1.415623818E-2
2.995833333E-2,-1.377241220E-2
2.997916667E-2,-1.342231780E-2
3.000000000E-2,-1.318128686E-2
3.002083333E-2,-1.296701469E-2
3.004166667E-2,-1.272838935E-2
3.006250000E-2,-1.262394339E-2
3.008333333E-2,-1.241789665E-2
3.010416667E-2,-1.219309215E-2
3.012500000E-2,-1.196209155E-2
3.014583333E-2,-1.163228881E-2
3.016666667E-2,-1.136449538E-2
3.018750000E-2,-1.106365584E-2
3.020833333E-2,-1.071488112E-2
3.022916667E-2,-1.020898297E-2
3.025000000E-2,-9.135487489E-3
3.027083333E-2,-7.897960953E-3
3.029166667E-2,-7.165736519E-3
3.031250000E-2,-6.408041343E-3
3.033333333E-2,-5.658720154E-3
3.035416667E-2,-5.234638229E-3
3.037500000E-2,-4.310173914E-3
3.039583333E-2,-3.224445041E-3
3.041666667E-2,-2.581771230E-3
3.043750000E-2,-2.169139683E-3
3.045833333E-2,-2.251973609E-3
3.047916667E-2,-2.340379404E-3
3.050000000E-2,-1.900296775E-3
3.052083333E-2,-1.366460812E-3
3.054166667E-2,-1.021231059E-3
3.056250000E-2,-1.068450627E-3
3.058333333E-2,-1.259201556E-3
3.060416667E-2,-1.476690988E-3
3.062500000E-2,-1.916117035E-3
3.064583333E-2,-2.150001004E-3
3.066666667E-2,-2.035601763E-3
3.068750000E-2,-1.447129645E-3
3.070833333E-2,-6.313942722E-4
3.072916667E-2,-3.016870178E-4
3.075000000E-2,-5.800926010E-5
3.077083333E-2,4.246075405E-4
3.079166667E-2,6.738007069E-4
3.081250000E-2,7.738076965E-4
3.083333333E-2,1.164543792E-3
3.085416667E-2,1.377534820E-3
3.087500000E-2,1.205359120E-3
3.089583333E-2,1.250782050E-3
3.091666667E-2,1.367986901E-3
3.093750000E-2,1.314953086E-3
3.095833333E-2,1.322767697E-3
3.097916667E-2,1.392350416E-3
3.100000000E-2,1.223698258E-3
3.102083333E-2,8.278592140E-4
3.104166667E-2,2.042167762E-4
3.106250000E-2,-8.045114228E-4
3.108333333E-2,-1.780392369E-3
3.110416667E-2,-2.740732627E-3
3.112500000E-2,-3.870681627E-3
3.114583333E-2,-4.820447415E-3
3.116666667E-2,-5.203701090E-3
3.118750000E-2,-5.199740175E-3
3.120833333E-2,-5.530268885E-3
3.122916667E-2,-6.016683765E-3
3.125000000E-2,-6.404908374E-3
3.127083333E-2,-6.601794623E-3
3.129166667E-2,-6.641742773E-3
3.131250000E-2,-7.088605780E-3
3.133333333E-2,-7.750333287E-3
3.135416667E-2,-8.490058593E-3
3.137500000E-2,-8.905572817E-3
3.139583333E-2,-9.110382758E-3
3.141666667E-2,-9.854292497E-3
3.143750000E-2,-1.035051513E-2
3.145833333E-2,-1.059001032E-2
3.147916667E-2,-1.103820466E-2
3.150000000E-2,-1.151634194E-2
3.152083333E-2,-1.224807650E-2
3.154166667E-2,-1.308902167E-2
3.156250000E-2,-1.409776695E-2
3.158333333E-2,-1.525127888E-2
3.160416667E-2,-1.625406742E-2
3.162500000E-2,-1.715718769E-2
3.164583333E-2,-1.820793375E-2
3.166666667E-2,-1.925217919E-2
3.168750000E-2,-1.952234842E-2
3.170833333E-2,-1.964864507E-2
3.172916667E-2,-2.008249611E-2
3.175000000E-2,-2.026318945E-2
3.177083333E-2,-2.083344758E-2
3.179166667E-2,-2.130807564E-2
3.181250000E-2,-2.126408927E-2
3.183333333E-2,-2.170249820E-2
3.185416667E-2,-2.191160060E-2
3.187500000E-2,-2.136961371E-2
3.189583333E-2,-2.092476189E-2
3.191666667E-2,-2.086563408E-2
3.193750000E-2,-2.091894113E-2
3.195833333E-2,-2.095063031E-2
3.197916667E-2,-2.104054391E-2
3.200000000E-2,-2.093267441E-2
3.202083333E-2,-2.086593024E-2
3.204166667E-2,-2.115627006E-2
3.206250000E-2,-2.153499052E-2
3.208333333E-2,-2.207829058E-2
3.210416667E-2,-2.241163142E-2
3.212500000E-2,-2.220083587E-2
3.214583333E-2,-2.203260548E-2
3.216666667E-2,-2.221238986E-2
3.218750000E-2,-2.261243947E-2
3.220833333E-2,-2.320444956E-2
3.222916667E-2,-2.378052846E-2
3.225000000E-2,-2.374914102E-2
3.227083333E-2,-2.302321792E-2
3.229166667E-2,-2.238909341E-2
3.231250000E-2,-2.202278376E-2
3.233333333E-2,-2.166074887E-2
3.235416667E-2,-2.163394168E-2
3.237500000E-2,-2.142494917E-2
3.239583333E-2,-2.056187391E-2
3.241666667E-2,-1.959566958E-2
3.243750000E-2,-1.871507242E-2
3.245833333E-2,-1.813578978E-2
3.247916667E-2,-1.734686643E-2
3.250000000E-2,-1.599118486E-2
3.252083333E-2,-1.467094943E-2
3.254166667E-2,-1.355968043E-2
3.256250000E-2,-1.301145367E-2
3.258333333E-2,-1.293470152E-2
3.260416667E-2,-1.300919708E-2
3.262500000E-2,-1.319877245E-2
3.264583333E-2,-1.353937574E-2
3.266666667E-2,-1.386481896E-2
3.268750000E-2,-1.413247827E-2
3.270833333E-2,-1.505258866E-2
3.272916667E-2,-1.600291766E-2
3.275000000E-2,-1.701596566E-2
3.277083333E-2,-1.832471788E-2
3.279166667E-2,-1.886833832E-2
3.281250000E-2,-1.898281649E-2
3.283333333E-2,-1.870446466E-2
3.285416667E-2,-1.835338213E-2
3.287500000E-2,-1.826544479E-2
3.289583333E-2,-1.790216379E-2
3.291666667E-2,-1.739188284E-2
3.293750000E-2,-1.643311232E-2
3.295833333E-2,-1.506323740E-2
3.297916667E-2,-1.393161342E-2
3.300000000E-2,-1.342867222E-2
3.302083333E-2,-1.309397630E-2
3.304166667E-2,-1.247476414E-2
3.306250000E-2,-1.221938618E-2
3.308333333E-2,-1.252381876E-2
3.310416667E-2,-1.314115431E-2
3.312500000E-2,-1.399428397E-2
3.314583333E-2,-1.499550045E-2
3.316666667E-2,-1.607197151E-2
3.318750000E-2,-1.738865487E-2
3.320833333E-2,-1.888621598E-2
3.322916667E-2,-1.992117427E-2
3.325000000E-2,-2.061700821E-2
3.327083333E-2,-2.145469561E-2
3.329166667E-2,-2.206991054E-2
3.331250000E-2,-2.214078419E-2
3.333333333E-2,-2.222330309E-2
3.335416667E-2,-2.245132253E-2
3.337500000E-2,-2.208923176E-2
3.339583333E-2,-2.131262235E-2
3.341666667E-2,-2.050636709E-2
3.343750000E-2,-1.947125793E-2
3.345833333E-2,-1.826871186E-2
3.347916667E-2,-1.716505736E-2
3.350000000E-2,-1.644624583E-2
3.352083333E-2,-1.583679207E-2
3.354166667E-2,-1.537710987E-2
3.356250000E-2,-1.539922692E-2
3.358333333E-2,-1.592703722E-2
3.360416667E-2,-1.700720750E-2
3.362500000E-2,-1.819130778E-2
3.364583333E-2,-2.001517639E-2
3.366666667E-2,-2.221693657E-2
3.368750000E-2,-2.368307486E-2
3.370833333E-2,-2.540591359E-2
3.372916667E-2,-2.698485181E-2
3.375000000E-2,-2.787248231E-2
3.377083333E-2,-2.883961052E-2
3.379166667E-2,-2.952762507E-2
3.381250000E-2,-3.024016693E-2
3.383333333E-2,-3.109181672E-2
3.385416667E-2,-3.135018051E-2
3.387500000E-2,-3.103873692E-2
3.389583333E-2,-3.072911315E-2
3.391666667E-2,-3.035051003E-2
3.393750000E-2,-2.950689197E-2
3.395833333E-2,-2.842460573E-2
3.397916667E-2,-2.722623944E-2
3.400000000E-2,-2.621558495E-2
3.402083333E-2,-2.560654841E-2
3.404166667E-2,-2.514840290E-2
3.406250000E-2,-2.477857098E-2
3.408333333E-2,-2.443369478E-2
3.410416667E-2,-2.437343448E-2
3.412500000E-2,-2.511552349E-2
3.414583333E-2,-2.627396211E-2
3.416666667E-2,-2.749620751E-2
3.418750000E-2,-2.888448909E-2
3.420833333E-2,-3.008626029E-2
3.422916667E-2,-3.131096810E-2
3.425000000E-2,-3.244248033E-2
3.427083333E-2,-3.303376213E-2
3.429166667E-2,-3.342916444E-2
3.431250000E-2,-3.381801769E-2
3.433333333E-2,-3.404301405E-2
3.435416667E-2,-3.356942534E-2
3.437500000E-2,-3.267532587E-2
3.439583333E-2,-3.171863034E-2
3.441666667E-2,-3.033481538E-2
3.443750000E-2,-2.917753905E-2
3.445833333E-2,-2.848399617E-2
3.447916667E-2,-2.751423791E-2
3.450000000E-2,-2.602726594E-2
3.452083333E-2,-2.461002767E-2
3.454166667E-2,-2.346204594E-2
3.456250000E-2,-2.231876738E-2
3.458333333E-2,-2.154085226E-2
3.460416667E-2,-2.081280947E-2
3.462500000E-2,-2.032508701E-2
3.464583333E-2,-2.057122067E-2
3.466666667E-2,-2.129016817E-2
3.468750000E-2,-2.254692651E-2
3.470833333E-2,-2.376958728E-2
3.472916667E-2,-2.482511103E-2
3.475000000E-2,-2.548121661E-2
3.477083333E-2,-2.568125352E-2
3.479166667E-2,-2.613910101E-2
3.481250000E-2,-2.660566568E-2
3.483333333E-2,-2.706973255E-2
3.485416667E-2,-2.738929726E-2
3.487500000E-2,-2.758176252E-2
3.489583333E-2,-2.746495977E-2
3.491666667E-2,-2.674999461E-2
3.493750000E-2,-2.629450709E-2
3.495833333E-2,-2.584486827E-2
3.497916667E-2,-2.508129925E-2
3.500000000E-2,-2.421548590E-2
3.502083333E-2,-2.333327942E-2
3.504166667E-2,-2.276700735E-2
3.506250000E-2,-2.228394151E-2
3.508333333E-2,-2.168951929E-2
3.510416667E-2,-2.126013674E-2
3.512500000E-2,-2.106009424E-2
3.514583333E-2,-2.102282271E-2
3.516666667E-2,-2.154953405E-2
3.518750000E-2,-2.221111208E-2
3.520833333E-2,-2.269754000E-2
3.522916667E-2,-2.334744856E-2
3.525000000E-2,-2.369942889E-2
3.527083333E-2,-2.428735048E-2
3.529166667E-2,-2.507661469E-2
3.531250000E-2,-2.540575340E-2
3.533333333E-2,-2.580522373E-2
3.535416667E-2,-2.599512599E-2
3.537500000E-2,-2.610679716E-2
3.539583333E-2,-2.648626640E-2
3.541666667E-2,-2.638410032E-2
3.543750000E-2,-2.585840970E-2
3.545833333E-2,-2.528263628E-2
3.547916667E-2,-2.442662232E-2
3.550000000E-2,-2.363444306E-2
3.552083333E-2,-2.318964712E-2
3.554166667E-2,-2.253700793E-2
3.556250000E-2,-2.188178524E-2
3.558333333E-2,-2.177710831E-2
3.560416667E-2,-2.185771242E-2
3.562500000E-2,-2.175882645E-2
3.564583333E-2,-2.197123319E-2
3.566666667E-2,-2.234074473E-2
3.568750000E-2,-2.211034670E-2
3.570833333E-2,-2.229425125E-2
3.572916667E-2,-2.287665755E-2
3.575000000E-2,-2.299931645E-2
3.577083333E-2,-2.336109430E-2
3.579166667E-2,-2.364053950E-2
3.581250000E-2,-2.357750200E-2
3.583333333E-2,-2.301432565E-2
3.585416667E-2,-2.224381641E-2
3.587500000E-2,-2.201297320E-2
3.589583333E-2,-2.133540437E-2
3.591666667E-2,-2.045571804E-2
3.593750000E-2,-1.982725784E-2
3.595833333E-2,-1.903468743E-2
3.597916667E-2,-1.836582646E-2
3.600000000E-2,-1.767544076E-2
3.602083333E-2,-1.684127748E-2
3.604166667E-2,-1.581696607E-2
3.606250000E-2,-1.472630724E-2
3.608333333E-2,-1.371931843E-2
3.610416667E-2,-1.251203567E-2
3.612500000E-2,-1.128826663E-2
3.614583333E-2,-1.006754115E-2
3.616666667E-2,-8.238192648E-3
3.618750000E-2,-6.319945678E-3
3.620833333E-2,-5.237293895E-3
3.622916667E-2,-4.561149515E-3
3.625000000E-2,-3.938256763E-3
3.627083333E-2,-3.202946158E-3
3.629166667E-2,-2.490768209E-3
3.631250000E-2,-2.387022832E-3
3.633333333E-2,-2.567975782E-3
3.635416667E-2,-2.586811315E-3
3.637500000E-2,-2.031873213E-3
3.639583333E-2,-1.007979503E-3
3.641666667E-2,-2.482696436E-4
3.643750000E-2,3.926287754E-4
3.645833333E-2,1.207837253E-3
3.647916667E-2,2.112838672E-3
3.650000000E-2,3.174477722E-3
3.652083333E-2,4.426758271E-3
3.654166667E-2,5.189678632E-3
3.656250000E-2,5.545314401E-3
3.658333333E-2,6.210627500E-3
3.660416667E-2,6.433191709E-3
3.662500000E-2,6.860049441E-3
3.664583333E-2,8.185494691E-3
3.666666667E-2,9.335778654E-3
3.668750000E-2,1.057662442E-2
3.670833333E-2,1.165171713E-2
3.672916667E-2,1.190207526E-2
3.675000000E-2,1.161451824E-2
3.677083333E-2,1.090360153E-2
3.679166667E-2,1.014606468E-2
3.681250000E-2,9.232880548E-3
3.683333333E-2,8.215634152E-3
3.685416667E-2,7.661095820E-3
3.687500000E-2,7.165179588E-3
3.689583333E-2,6.746269763E-3
3.691666667E-2,6.784205325E-3
3.693750000E-2,6.978068035E-3
3.695833333E-2,7.504707202E-3
3.697916667E-2,8.312506601E-3
3.700000000E-2,9.013142437E-3
3.702083333E-2,9.208918549E-3
3.704166667E-2,8.808005601E-3
3.706250000E-2,8.644115180E-3
3.708333333E-2,8.928534575E-3
3.710416667E-2,9.485592134E-3
3.712500000E-2,1.021516323E-2
3.714583333E-2,1.074010041E-2
3.716666667E-2,1.132672187E-2
3.718750000E-2,1.222793572E-2
3.720833333E-2,1.281201094E-2
3.722916667E-2,1.293362770E-2
3.725000000E-2,1.266152691E-2
3.727083333E-2,1.152506750E-2
3.729166667E-2,1.012779865E-2
3.731250000E-2,9.408300743E-3
3.733333333E-2,9.166708216E-3
3.735416667E-2,8.868694305E-3
3.737500000E-2,8.657243103E-3
3.739583333E-2,8.308287710E-3
3.741666667E-2,7.975224406E-3
3.743750000E-2,8.505960926E-3
3.745833333E-2,8.935353719E-3
3.747916667E-2,9.273884818E-3
3.750000000E-2,9.777481668E-3
3.752083333E-2,9.887320921E-3
3.754166667E-2,1.058488060E-2
3.756250000E-2,1.121580694E-2
3.758333333E-2,1.130143553E-2
3.760416667E-2,1.180273108E-2
3.762500000E-2,1.250773482E-2
3.764583333E-2,1.334296539E-2
3.766666667E-2,1.431275718E-2
3.768750000E-2,1.528273989E-2
3.770833333E-2,1.602076553E-2
3.772916667E-2,1.632416248E-2
3.775000000E-2,1.652378030E-2
3.777083333E-2,1.669594459E-2
3.779166667E-2,1.677126065E-2
3.781250000E-2,1.660958119E-2
3.783333333E-2,1.639076136E-2
3.785416667E-2,1.663252711E-2
3.787500000E-2,1.697229594E-2
3.789583333E-2,1.699432731E-2
3.791666667E-2,1.690394618E-2
3.793750000E-2,1.685718633E-2
3.795833333E-2,1.707473397E-2
3.797916667E-2,1.755768619E-2
3.800000000E-2,1.817682013E-2
3.802083333E-2,1.881701127E-2
3.804166667E-2,1.940825209E-2
3.806250000E-2,2.023821697E-2
3.808333333E-2,2.089172788E-2
3.810416667E-2,2.153477259E-2
3.812500000E-2,2.280369028E-2
3.814583333E-2,2.403927036E-2
3.816666667E-2,2.532210760E-2
3.818750000E-2,2.630922385E-2
3.820833333E-2,2.657507360E-2
3.822916667E-2,2.692527883E-2
3.825000000E-2,2.714152262E-2
3.827083333E-2,2.734898403E-2
3.829166667E-2,2.762218937E-2
3.831250000E-2,2.753496543E-2
3.833333333E-2,2.767326683E-2
3.835416667E-2,2.805709466E-2
3.837500000E-2,2.814437076E-2
3.839583333E-2,2.826934308E-2
3.841666667E-2,2.841214091E-2
3.843750000E-2,2.780461311E-2
3.845833333E-2,2.725869603E-2
3.847916667E-2,2.737599239E-2
3.850000000E-2,2.760075778E-2
3.852083333E-2,2.824145555E-2
3.854166667E-2,2.918237448E-2
3.856250000E-2,3.018088266E-2
3.858333333E-2,3.072846308E-2
3.860416667E-2,3.062034398E-2
3.862500000E-2,3.088134527E-2
3.864583333E-2,3.135310113E-2
3.866666667E-2,3.171278909E-2
3.868750000E-2,3.220024332E-2
3.870833333E-2,3.261879086E-2
3.872916667E-2,3.286495432E-2
3.875000000E-2,3.292888030E-2
3.877083333E-2,3.308366984E-2
3.879166667E-2,3.362953663E-2
3.881250000E-2,3.426398337E-2
3.883333333E-2,3.463627398E-2
3.885416667E-2,3.472056240E-2
3.887500000E-2,3.451487795E-2
3.889583333E-2,3.446958214E-2
3.891666667E-2,3.450607508E-2
3.893750000E-2,3.422236443E-2
3.895833333E-2,3.404790536E-2
3.897916667E-2,3.397760540E-2
3.900000000E-2,3.383324668E-2
3.902083333E-2,3.357680142E-2
3.904166667E-2,3.364313766E-2
3.906250000E-2,3.391536325E-2
3.908333333E-2,3.361864761E-2
3.910416667E-2,3.352368623E-2
3.912500000E-2,3.365709260E-2
3.914583333E-2,3.365939856E-2
3.916666667E-2,3.377472237E-2
3.918750000E-2,3.358482197E-2
3.920833333E-2,3.348790109E-2
3.922916667E-2,3.383241966E-2
3.925000000E-2,3.415571153E-2
3.927083333E-2,3.394483775E-2
3.929166667E-2,3.333119303E-2
3.931250000E-2,3.307833895E-2
3.933333333E-2,3.319909424E-2
3.935416667E-2,3.330381960E-2
3.937500000E-2,3.339168057E-2
3.939583333E-2,3.382863477E-2
3.941666667E-2,3.443674743E-2
3.943750000E-2,3.483702242E-2
3.945833333E-2,3.514253721E-2
3.947916667E-2,3.525310755E-2
3.950000000E-2,3.531783447E-2
3.952083333E-2,3.547501564E-2
3.954166667E-2,3.536009416E-2
3.956250000E-2,3.487209976E-2
3.958333333E-2,3.413445875E-2
3.960416667E-2,3.315615654E-2
3.962500000E-2,3.220072016E-2
3.964583333E-2,3.165967762E-2
3.966666667E-2,3.159296140E-2
3.968750000E-2,3.157856688E-2
3.970833333E-2,3.151754662E-2
3.972916667E-2,3.198985383E-2
3.975000000E-2,3.252910078E-2
3.977083333E-2,3.289109841E-2
3.979166667E-2,3.361453861E-2
3.981250000E-2,3.402458131E-2
3.983333333E-2,3.417729214E-2
3.985416667E-2,3.470719233E-2
3.987500000E-2,3.527482599E-2
3.989583333E-2,3.573745489E-2
3.991666667E-2,3.635477275E-2
3.993750000E-2,3.740112111E-2
3.995833333E-2,3.848136589E-2
3.997916667E-2,3.904934973E-2
4.000000000E-2,3.940965235E-2
4.002083333E-2,3.958071023E-2
4.004166667E-2,3.956393898E-2
4.006250000E-2,3.977236524E-2
4.008333333E-2,3.992739320E-2
4.010416667E-2,4.009083658E-2
4.012500000E-2,4.071541876E-2
4.014583333E-2,4.155604541E-2
4.016666667E-2,4.250844568E-2
4.018750000E-2,4.366946220E-2
4.020833333E-2,4.472444206E-2
4.022916667E-2,4.548120499E-2
4.025000000E-2,4.593490809E-2
4.027083333E-2,4.616006464E-2
4.029166667E-2,4.658194631E-2
4.031250000E-2,4.712499678E-2
4.033333333E-2,4.741847515E-2
4.035416667E-2,4.763877392E-2
4.037500000E-2,4.803163931E-2
4.039583333E-2,4.864832759E-2
4.041666667E-2,4.949815571E-2
4.043750000E-2,5.050727352E-2
4.045833333E-2,5.147964135E-2
4.047916667E-2,5.245997012E-2
4.050000000E-2,5.334486067E-2
4.052083333E-2,5.404334888E-2
4.054166667E-2,5.501916260E-2
4.056250000E-2,5.615308881E-2
4.058333333E-2,5.695359409E-2
4.060416667E-2,5.738126859E-2
4.062500000E-2,5.748051032E-2
4.064583333E-2,5.785296485E-2
4.066666667E-2,5.874688923E-2
4.068750000E-2,5.953382328E-2
4.070833333E-2,6.033922732E-2
4.072916667E-2,6.093449146E-2
4.075000000E-2,6.115568802E-2
4.077083333E-2,6.169108301E-2
4.079166667E-2,6.233850121E-2
4.081250000E-2,6.301335990E-2
4.083333333E-2,6.358724087E-2
4.085416667E-2,6.369653344E-2
4.087500000E-2,6.355208904E-2
4.089583333E-2,6.339264661E-2
4.091666667E-2,6.347397715E-2
4.093750000E-2,6.378706545E-2
4.095833333E-2,6.421909481E-2
4.097916667E-2,6.440450996E-2
4.100000000E-2,6.413677335E-2
4.102083333E-2,6.372985244E-2
4.104166667E-2,6.325688213E-2
4.106250000E-2,6.285591424E-2
4.108333333E-2,6.286822259E-2
4.110416667E-2,6.338364631E-2
4.112500000E-2,6.381171942E-2
4.114583333E-2,6.352431327E-2
4.116666667E-2,6.291175634E-2
4.118750000E-2,6.247871369E-2
4.120833333E-2,6.202360988E-2
4.122916667E-2,6.142474711E-2
4.125000000E-2,6.081132591E-2
4.127083333E-2,6.013922393E-2
4.129166667E-2,5.962212384E-2
4.131250000E-2,5.925885588E-2
4.133333333E-2,5.880613625E-2
4.135416667E-2,5.844809860E-2
4.137500000E-2,5.799701810E-2
4.139583333E-2,5.737432092E-2
4.141666667E-2,5.679572374E-2
4.143750000E-2,5.615274608E-2
4.145833333E-2,5.545765162E-2
4.147916667E-2,5.481593311E-2
4.150000000E-2,5.430642515E-2
4.152083333E-2,5.372223258E-2
4.154166667E-2,5.300430208E-2
4.156250000E-2,5.250631273E-2
4.158333333E-2,5.237714201E-2
4.160416667E-2,5.249464512E-2
4.162500000E-2,5.248986185E-2
4.164583333E-2,5.219449103E-2
4.166666667E-2,5.159308389E-2
4.168750000E-2,5.100968480E-2
4.170833333E-2,5.098461732E-2
4.172916667E-2,5.120944232E-2
4.175000000E-2,5.117484182E-2
4.177083333E-2,5.073766410E-2
4.179166667E-2,5.026084185E-2
4.181250000E-2,5.007473379E-2
4.183333333E-2,4.974403977E-2
4.185416667E-2,4.947236925E-2
4.187500000E-2,4.928958416E-2
4.189583333E-2,4.871781915E-2
4.191666667E-2,4.819633067E-2
4.193750000E-2,4.774236679E-2
4.195833333E-2,4.730447009E-2
4.197916667E-2,4.690137506E-2
4.200000000E-2,4.645794630E-2
4.202083333E-2,4.649100453E-2
4.204166667E-2,4.669187590E-2
4.206250000E-2,4.662829638E-2
4.208333333E-2,4.661704600E-2
4.210416667E-2,4.674528539E-2
4.212500000E-2,4.678328335E-2
4.214583333E-2,4.644037783E-2
4.216666667E-2,4.569791257E-2
4.218750000E-2,4.496297985E-2
4.220833333E-2,4.437754303E-2
4.222916667E-2,4.410533607E-2
4.225000000E-2,4.408644885E-2
4.227083333E-2,4.361765459E-2
4.229166667E-2,4.288963228E-2
4.231250000E-2,4.225966334E-2
4.233333333E-2,4.182936251E-2
4.235416667E-2,4.173428193E-2
4.237500000E-2,4.183550552E-2
4.239583333E-2,4.191806912E-2
4.241666667E-2,4.128061980E-2
4.243750000E-2,4.038261250E-2
4.245833333E-2,3.982621431E-2
4.247916667E-2,3.941130638E-2
4.250000000E-2,3.946260735E-2
4.252083333E-2,3.960102424E-2
4.254166667E-2,3.972604871E-2
4.256250000E-2,3.993620351E-2
4.258333333E-2,3.978689760E-2
4.260416667E-2,3.952107206E-2
4.262500000E-2,3.934315592E-2
4.264583333E-2,3.930975869E-2
4.266666667E-2,""